128000ef17400fef130000effff007131100c63700c585931100c5b711008837
108000ef79400fef110000ef68000fef118000ef57000fef120000ef38400fef
0e8000ef7cd00fef0f0000ef51d00fef0f8000ef2f900fef100000ef0a500fef
0c8000ef69401fef0d0000ef5ec01fef0d8000ef40401fef0e0000ef1e801fef
0a8000ef3c101fef0b0000ef1c901fef0b8000ef00101fef0c0000ef74801fef
088000ef2bc02fef090000ef17002fef098000ef7a101fef0a0000ef5d101fef
068000ef7c402fef070000ef6ac02fef078000ef58c02fef080000ef47402fef
048000ef47502fef050000ef41d02fef058000ef27d02fef060000ef16102fef
028000ef77d02fef030000ef62102fef038000ef56102fef040000ef4fd02fef
008000ef57003fef010000ef38803fef018000ef0c403fef020000ef22403fef
001515130000806700e5a02300170713fe069ce30016f69300082683ed1ff06f
03f0079300d5a02300e686b332868693000026b70000806700a6202300150513
00208f33000001130000009300a6202300000513000f8067fe079ee3fff78793
00200e9300208f330010011300100093fb1ff0effddf12e30020019300000e93
0040019300a00e9300208f330070011300300093f95ff0effbdf14e300300193
f7df18e300500193ffff8eb700208f33ffff813700000093f79ff0eff9df16e3
f41ff0eff5df1ae30060019380000eb700208f3300000113800000b7f5dff0ef
00000093f25ff0eff3df1ce3007001937fff8eb700208f33ffff8137800000b7
f01ff0eff1df1ae300800193fffe8e9300008eb700208f33fff1011300008137
efdf18e300900193fffe8e9380000eb700208f3300000113fff08093800000b7
ffee8e9380008eb700208f33fff1011300008137fff08093800000b7eddff0ef
80008eb700208f33fff1011300008137800000b7eb5ff0efeddf14e300a00193
00208f33ffff8137fff08093800000b7e91ff0efebdf12e300b00193fffe8e93
00208f33fff0011300000093e6dff0efe9df10e300c00193fffe8e937fff8eb7
00000e9300208f3300100113fff00093e51ff0efe7df12e300d00193fff00e93
00f00193ffe00e9300208f33fff00113fff00093e35ff0efe5df14e300e00193
0100019380000eb700208f33fff101138000013700100093e19ff0efe3df16e3
dfd098e30110019301800e93002080b300b0011300d00093df9ff0efe1df16e3
dc1ff0efddd11ae30120019301900e930020813300b0011300e00093dddff0ef
0020019300000e9340208f33000001130000009300a6202300000513000f8067
d9df18e30030019300000e9340208f330010011300100093d99ff0efdbdf16e3
d61ff0efd7df1ae300400193ffc00e9340208f330070011300300093d7dff0ef
800000b7d45ff0efd5df1ce30050019300008eb740208f33ffff813700000093
ffff8137800000b7d29ff0efd3df1ee30060019380000eb740208f3300000113
fff101130000813700000093d0dff0efd3df10e30070019380008eb740208f33
fff08093800000b7ce9ff0efcfdf1ee300800193001e8e93ffff8eb740208f33
800000b7cc5ff0efcddf1ce300900193fffe8e9380000eb740208f3300000113
ca1ff0efcbdf1ae300a001937fff8eb740208f33fff1011300008137fff08093
c9df18e300b00193001e8e937fff8eb740208f33fff1011300008137800000b7
00c00193fffe8e9380008eb740208f33ffff8137fff08093800000b7c7dff0ef
c5df18e300d0019300100e9340208f33fff0011300000093c59ff0efc7df16e3
c21ff0efc3df1ae300e00193ffe00e9340208f3300100113fff00093c3dff0ef
00d00093c05ff0efc1df1ce300f0019300000e9340208f33fff00113fff00093
00b0011300e00093be9ff0efbfd09ee30100019300200e93402080b300b00113
00a6202300000513000f8067bcdff0efbfd110e30110019300300e9340208133
00200193f00e8e930f001eb70020ff33f0f101130f0f1137f0008093ff0100b7
00f00eb70020ff330f010113f0f0f137ff0080930ff010b7b99ff0efbbdf16e3
f0f101130f0f11370ff0809300ff00b7b71ff0efb9df12e3003001930f0e8e93
00f08093f00ff0b7b49ff0efb5df1ee30040019300fe8e93000f0eb70020ff33
ff0100b7b25ff0efb3df1ce300500193f000feb70020ff330f010113f0f0f137
b1d098e300600193f00e8e930f001eb70020f0b3f0f101130f0f1137f0008093
0f0e8e9300f00eb70020f1330f010113f0f0f137ff0080930ff010b7afdff0ef
f00e8e93ff010eb70010f0b3f0008093ff0100b7ad5ff0efafd114e300700193
f0008093ff0100b700a6202300000513000f8067ab5ff0efadd094e300800193
a81ff0efa9df1ae300200193f0fe8e93ff100eb70020ef33f0f101130f0f1137
00300193ff0e8e93fff10eb70020ef330f010113f0f0f137ff0080930ff010b7
0fff1eb70020ef33f0f101130f0f11370ff0809300ff00b7a59ff0efa7df16e3
0f010113f0f0f13700f08093f00ff0b7a31ff0efa5df12e300400193fffe8e93
f0008093ff0100b7a09ff0efa1df1ee3005001930ffe8e93f0fffeb70020ef33
9e1ff0ef9fd09ae300600193f0fe8e93ff100eb70020e0b3f0f101130f0f1137
00700193f0fe8e93ff100eb70020e133f0f101130f0f1137f0008093ff0100b7
00800193f00e8e93ff010eb70010e0b3f0008093ff0100b79b9ff0ef9dd116e3
0f0f1137f0008093ff0100b700a6202300000513000f8067999ff0ef9bd096e3
0ff010b7965ff0ef97df1ce30020019300fe8e93f00ffeb70020cf33f0f10113
95df18e300300193f00e8e93ff010eb70020cf330f010113f0f0f137ff008093
ff0e8e930ff01eb70020cf33f0f101130f0f11370ff0809300ff00b793dff0ef
0020cf330f010113f0f0f13700f08093f00ff0b7915ff0ef93df14e300400193
0f0f1137f0008093ff0100b78edff0ef91df10e3005001930ffe8e9300ff0eb7
ff0100b78c5ff0ef8dd09ce30060019300fe8e93f00ffeb70020c0b3f0f10113
8bd118e30070019300fe8e93f00ffeb70020c133f0f101130f0f1137f0008093
881ff0ef89d09ae30080019300000e930010c0b3f0008093ff0100b789dff0ef
0020019300100e9300209f33000001130010009300a6202300000513000f8067
85df18e30030019300200e9300209f330010011300100093859ff0ef87df16e3
821ff0ef83df1ae30040019308000e9300209f33007001130010009383dff0ef
00100093805ff0ef81df1ce30050019300004eb700209f3300e0011300100093
00000113fff00093fe8ff0efffdf1e630060019380000eb700209f3301f00113
00209f3300100113fff00093fccff0efffdf106300700193fff00e9300209f33
f8000e9300209f3300700113fff00093fb0ff0effddf126300800193ffe00e93
00a00193ffffceb700209f3300e00113fff00093f94ff0effbdf146300900193
f7df186300b0019380000eb700209f3301f00113fff00093f78ff0eff9df1663
00c00193121e8e9321212eb700209f330000011312108093212120b7f5cff0ef
242e8e9342424eb700209f330010011312108093212120b7f38ff0eff5df1663
90909eb700209f330070011312108093212120b7f14ff0eff3df146300d00193
00209f3300e0011312108093212120b7ef0ff0eff1df126300e00193080e8e93
00209f3301f0011312108093212120b7ed0ff0efefdf126300f0019348484eb7
00209f33fc00011312108093212120b7eb0ff0efeddf12630100019380000eb7
fc10011312108093212120b7e8cff0efebdf106301100193121e8e9321212eb7
12108093212120b7e68ff0efe7df1e6301200193242e8e9342424eb700209f33
212120b7e44ff0efe5df1c6301300193080e8e9390909eb700209f33fc700113
000f8067e24ff0efe3df1c630140019348484eb700209f33fce0011312108093
e1df18630020019380000eb70020df3300000113800000b700a6202300000513
de0ff0efdfdf1a630030019340000eb70020df3300100113800000b7dfcff0ef
800000b7dc4ff0efdddf1c630040019301000eb70020df3300700113800000b7
00108093800000b7da8ff0efdbdf1e630050019300020eb70020df3300e00113
00000113fff00093d88ff0efd9df1e630060019300100e930020df3301f00113
0020df3300100113fff00093d6cff0efd9df106300700193fff00e930020df33
0020df3300700113fff00093d4cff0efd7df106300800193fffe8e9380000eb7
0020df3300e00113fff00093d2cff0efd5df106300900193fffe8e9302000eb7
0020df3301f00113fff00093d0cff0efd3df106300a00193fffe8e9300040eb7
0020df330000011312108093212120b7cf0ff0efd1df126300b0019300100e93
0010011312108093212120b7cccff0efcfdf106300c00193121e8e9321212eb7
12108093212120b7ca8ff0efcbdf1e6300d00193090e8e9310909eb70020df33
212120b7c84ff0efc9df1c6300e00193242e8e9300424eb70020df3300700113
c60ff0efc7df1a6300f00193484e8e9300008eb70020df3300e0011312108093
c40ff0efc5df1a630100019300000e930020df3301f0011312108093212120b7
c3df186301100193121e8e9321212eb70020df33fc00011312108093212120b7
01200193090e8e9310909eb70020df33fc10011312108093212120b7c1cff0ef
4020df3300000113800000b700a6202300000513000f8067bf8ff0efc1df1663
c0000eb74020df3300100113800000b7bd0ff0efbfdf12630020019380000eb7
00400193ff000eb74020df3300700113800000b7bb4ff0efbddf146300300193
b9df186300500193fffe0eb74020df3300e00113800000b7b98ff0efbbdf1663
b7df186300600193fff00e934020df3301f0011300108093800000b7b7cff0ef
00700193fffe8e9380000eb74020df3300000113fff08093800000b7b5cff0ef
fffe8e9340000eb74020df3300100113fff08093800000b7b38ff0efb5df1663
01000eb74020df3300700113fff08093800000b7b14ff0efb3df146300800193
4020df3300e00113fff08093800000b7af0ff0efb1df126300900193fffe8e93
01f00113fff08093800000b7accff0efafdf106300a00193fffe8e9300020eb7
0000011318108093818180b7aacff0efaddf106300b0019300000e934020df33
18108093818180b7a88ff0efa9df1e6300c00193181e8e9381818eb74020df33
818180b7a64ff0efa7df1c6300d001930c0e8e93c0c0ceb74020df3300100113
a40ff0efa5df1a6300e00193303e8e93ff030eb74020df330070011318108093
a3df186300f00193606e8e93fffe0eb74020df3300e0011318108093818180b7
a1df186301000193fff00e934020df3301f0011318108093818180b7a1cff0ef
01100193181e8e9381818eb74020df33fc00011318108093818180b79fcff0ef
0c0e8e93c0c0ceb74020df33fc10011318108093818180b79d8ff0ef9fdf1663
ff030eb74020df33fc70011318108093818180b79b4ff0ef9ddf146301200193
fce0011318108093818180b798cff0ef9a0ff06f01df046301300193303e8e93
818180b7964ff0ef978ff06f01df046301400193606e8e93fffe0eb74020df33
940ff0ef954ff06f01df046301500193fff00e934020df33fff0011318108093
0020019300000e930020af33000001130000009300a6202300000513000f8067
0030019300000e930020af330010011300100093914ff0ef928ff06f01df0463
0040019300100e930020af3300700113003000938f4ff0ef908ff06f01df0463
0050019300000e930020af3300300113007000938d4ff0ef8e8ff06f01df0463
0060019300000e930020af33ffff8137000000938b4ff0ef8c8ff06f01df0463
0070019300100e930020af3300000113800000b7894ff0ef8a8ff06f01df0463
0080019300100e930020af33ffff8137800000b7874ff0ef888ff06f01df0463
00100e930020af33fff101130000813700000093854ff0ef868ff06f01df0463
0020af3300000113fff08093800000b7830ff0ef844ff06f01df046300900193
00008137fff08093800000b780cff0ef820ff06f01df046300a0019300000e93
800000b7fe5fe0efff9fe06f01df046300b0019300000e930020af33fff10113
fc1fe0effd5fe06f01df046300c0019300100e930020af33fff1011300008137
fb1fe06f01df046300d0019300000e930020af33ffff8137fff08093800000b7
f91fe06f01df046300e0019300000e930020af33fff0011300000093f9dfe0ef
f71fe06f01df046300f0019300100e930020af3300100113fff00093f7dfe0ef
f51fe06f01df04630100019300000e930020af33fff00113fff00093f5dfe0ef
f31fe06f01d084630110019300000e930020a0b300d0011300e00093f3dfe0ef
00000e930020bf33000001130000009300a6202300000513000f8067f1dfe0ef
00000e930020bf330010011300100093ef1fe0eff05fe06f01df046300200193
00100e930020bf330070011300300093ed1fe0efee5fe06f01df046300300193
00000e930020bf330030011300700093eb1fe0efec5fe06f01df046300400193
00100e930020bf33ffff813700000093e91fe0efea5fe06f01df046300500193
00000e930020bf3300000113800000b7e71fe0efe85fe06f01df046300600193
00100e930020bf33ffff8137800000b7e51fe0efe65fe06f01df046300700193
0020bf33fff101130000813700000093e31fe0efe45fe06f01df046300800193
00000113fff08093800000b7e0dfe0efe21fe06f01df04630090019300100e93
fff08093800000b7de9fe0efdfdfe06f01df046300a0019300000e930020bf33
dc1fe0efdd5fe06f01df046300b0019300000e930020bf33fff1011300008137
db1fe06f01df046300c0019300000e930020bf33fff1011300008137800000b7
01df046300d0019300100e930020bf33ffff8137fff08093800000b7d9dfe0ef
01df046300e0019300100e930020bf33fff0011300000093d79fe0efd8dfe06f
01df046300f0019300000e930020bf3300100113fff00093d59fe0efd6dfe06f
01df04630100019300000e930020bf33fff00113fff00093d39fe0efd4dfe06f
01d084630110019300000e930020b0b300d0011300e00093d19fe0efd2dfe06f
00000e9300008f130000009300a6202300000513000f8067cf9fe0efd0dfe06f
0030019300200e9300108f1300100093cd1fe0efce5fe06f01df046300200193
01df04630040019300a00e9300708f1300300093cb5fe0efcc9fe06f01df0463
c91fe06f01df04630050019380000e9380008f1300000093c99fe0efcadfe06f
c61fe0efc75fe06f01df04630060019380000eb700008f13800000b7c7dfe0ef
c41fe0efc55fe06f01df046300700193800e8e9380000eb780008f13800000b7
800000b7c25fe0efc39fe06f01df0463008001937ff00e937ff08f1300000093
c01fe0efc15fe06f01df046300900193fffe8e9380000eb700008f13fff08093
bf1fe06f01df046300a001937fee8e9380000eb77ff08f13fff08093800000b7
bd1fe06f01df046300b001937ffe8e9380000eb77ff08f13800000b7bddfe0ef
01df046300c001937ffe8e937ffffeb780008f13fff08093800000b7bbdfe0ef
b91fe06f01df046300d00193fff00e93fff08f1300000093b99fe0efbadfe06f
b61fe0efb75fe06f01df046300e0019300000e9300108f13fff00093b7dfe0ef
800000b7b45fe0efb59fe06f01df046300f00193ffe00e93fff08f13fff00093
00d00093b25fe0efb39fe06f01df04630100019380000eb700108f13fff08093
00000513000f8067b09fe0efb1dfe06f01d084630110019301800e9300b08093
01df046300200193f00e8e93ff010eb7f0f0ff13f0008093ff0100b700a62023
01df0463003001930f000e930f00ff13ff0080930ff010b7ad9fe0efaedfe06f
01df04630040019300f00e9370f0ff130ff0809300ff00b7ab9fe0efacdfe06f
01df04630050019300000e930f00ff1300f08093f00ff0b7a99fe0efaadfe06f
01d084630060019300000e930f00f093f0008093ff0100b7a79fe0efa8dfe06f
f0f0ef13f0008093ff0100b700a6202300000513000f8067a59fe0efa6dfe06f
0f00ef13ff0080930ff010b7a2dfe0efa41fe06f01df046300200193f0f00e93
0ff0809300ff00b7a09fe0efa1dfe06f01df046300300193ff0e8e930ff01eb7
f00ff0b79e5fe0ef9f9fe06f01df0463004001937ffe8e9300ff0eb770f0ef13
9c1fe0ef9d5fe06f01df0463005001930ffe8e93f00ffeb70f00ef1300f08093
9b1fe06f01d0846300600193ff0e8e93ff010eb70f00e093f0008093ff0100b7
ff00feb7f0f0cf13f000809300ff10b700a6202300000513000f806799dfe0ef
0f00cf13ff0080930ff010b796dfe0ef981fe06f01df04630020019300fe8e93
8ff0809300ff10b7949fe0ef95dfe06f01df046300300193f00e8e930ff01eb7
f00ff0b7925fe0ef939fe06f01df046300400193ff0e8e9300ff1eb770f0cf13
901fe0ef915fe06f01df0463005001930ffe8e93f00ffeb70f00cf1300f08093
8f1fe06f01d084630060019300fe8e93ff00feb770f0c09370008093ff00f0b7
0020019300100e9300009f130010009300a6202300000513000f80678ddfe0ef
01df04630030019300200e9300109f13001000938b5fe0ef8c9fe06f01df0463
891fe06f01df04630040019308000e9300709f1300100093899fe0ef8adfe06f
861fe0ef875fe06f01df04630050019300004eb700e09f130010009387dfe0ef
fff00093845fe0ef859fe06f01df04630060019380000eb701f09f1300100093
00109f13fff00093829fe0ef83dfe06f01df046300700193fff00e9300009f13
f8000e9300709f13fff0009380dfe0ef821fe06f01df046300800193ffe00e93
00a00193ffffceb700e09f13fff00093ff0fe0ef805fe06f01df046300900193
01df046300b0019380000eb701f09f13fff00093fd4fe0effe8fe06f01df0463
00c00193121e8e9321212eb700009f1312108093212120b7fb8fe0effccfe06f
242e8e9342424eb700109f1312108093212120b7f94fe0effa8fe06f01df0463
90909eb700709f1312108093212120b7f70fe0eff84fe06f01df046300d00193
00e09f1312108093212120b7f4cfe0eff60fe06f01df046300e00193080e8e93
01f09f1312108093212120b7f2cfe0eff40fe06f01df046300f0019348484eb7
00a6202300000513000f8067f0cfe0eff20fe06f01df04630100019380000eb7
800000b7ee4fe0efef8fe06f01df04630020019380000eb70000df13800000b7
0070df13800000b7ec8fe0efedcfe06f01df04630030019340000eb70010df13
00020eb700e0df13800000b7eacfe0efec0fe06f01df04630040019301000eb7
00100e9301f0df1300108093800000b7e90fe0efea4fe06f01df046300500193
00700193fff00e930000df13fff00093e70fe0efe84fe06f01df046300600193
00800193fffe8e9380000eb70010df13fff00093e54fe0efe68fe06f01df0463
00900193fffe8e9302000eb70070df13fff00093e34fe0efe48fe06f01df0463
00a00193fffe8e9300040eb700e0df13fff00093e14fe0efe28fe06f01df0463
01df046300b0019300100e9301f0df13fff00093df4fe0efe08fe06f01df0463
00c00193121e8e9321212eb70000df1312108093212120b7dd8fe0efdecfe06f
090e8e9310909eb70010df1312108093212120b7db4fe0efdc8fe06f01df0463
00424eb70070df1312108093212120b7d90fe0efda4fe06f01df046300d00193
00e0df1312108093212120b7d6cfe0efd80fe06f01df046300e00193242e8e93
12108093212120b7d48fe0efd5cfe06f01df046300f00193484e8e9300008eb7
0070d093800000b7d28fe0efd3cfe06f01df04630100019300000e9301f0df13
00a6202300000513000f8067d0cfe0efd20fe06f01d084630110019301000eb7
800000b7ce4fe0efcf8fe06f01df04630020019300000e934000df1300000093
4070df13800000b7cc8fe0efcdcfe06f01df046300300193c0000eb74010df13
fffe0eb740e0df13800000b7cacfe0efcc0fe06f01df046300400193ff000eb7
fff00e9341f0df1300108093800000b7c90fe0efca4fe06f01df046300500193
80000eb74000df13fff08093800000b7c70fe0efc84fe06f01df046300600193
4010df13fff08093800000b7c4cfe0efc60fe06f01df046300700193fffe8e93
fff08093800000b7c28fe0efc3cfe06f01df046300800193fffe8e9340000eb7
800000b7c04fe0efc18fe06f01df046300900193fffe8e9301000eb74070df13
be0fe0efbf4fe06f01df046300a00193fffe8e9300020eb740e0df13fff08093
bc0fe0efbd4fe06f01df046300b0019300000e9341f0df13fff08093800000b7
bb0fe06f01df046300c00193181e8e9381818eb74000df1318108093818180b7
01df046300d001930c0e8e93c0c0ceb74010df1318108093818180b7b9cfe0ef
00e00193303e8e93ff030eb74070df1318108093818180b7b78fe0efb8cfe06f
606e8e93fffe0eb740e0df1318108093818180b7b54fe0efb68fe06f01df0463
fff00e9341f0df1318108093818180b7b30fe0efb44fe06f01df046300f00193
01100193ff000eb74070d093800000b7b10fe0efb24fe06f01df046301000193
0000bf130000009300a6202300000513000f8067af4fe0efb08fe06f01d08463
00000e930010bf1300100093accfe0efae0fe06f01df04630020019300000e93
0040019300100e930070bf1300300093ab0fe0efac4fe06f01df046300300193
01df04630050019300000e930030bf1300700093a94fe0efaa8fe06f01df0463
a70fe06f01df04630060019300100e938000bf1300000093a78fe0efa8cfe06f
a40fe0efa54fe06f01df04630070019300000e930000bf13800000b7a5cfe0ef
00000093a24fe0efa38fe06f01df04630080019300100e938000bf13800000b7
fff08093800000b7a08fe0efa1cfe06f01df04630090019300100e937ff0bf13
fff08093800000b79e8fe0ef9fcfe06f01df046300a0019300000e930000bf13
7ff0bf13800000b79c8fe0ef9dcfe06f01df046300b0019300000e937ff0bf13
8000bf13fff08093800000b79acfe0ef9c0fe06f01df046300c0019300000e93
00100e93fff0bf130000009398cfe0ef9a0fe06f01df046300d0019300100e93
00f0019300000e930010bf13fff00093970fe0ef984fe06f01df046300e00193
01df04630100019300000e93fff0bf13fff00093954fe0ef968fe06f01df0463
930fe06f01d084630110019300100e9300d0b09300b00093938fe0ef94cfe06f
0020019300000e930000af130000009300a6202300000513000f806791cfe0ef
01df04630030019300000e930010af13001000938f4fe0ef908fe06f01df0463
8d0fe06f01df04630040019300100e930070af13003000938d8fe0ef8ecfe06f
8a0fe0ef8b4fe06f01df04630050019300000e930030af13007000938bcfe0ef
800000b7884fe0ef898fe06f01df04630060019300000e938000af1300000093
8000af13800000b7868fe0ef87cfe06f01df04630070019300100e930000af13
00100e937ff0af130000009384cfe0ef860fe06f01df04630080019300100e93
00000e930000af13fff08093800000b7830fe0ef844fe06f01df046300900193
00000e937ff0af13fff08093800000b7810fe0ef824fe06f01df046300a00193
00c0019300100e937ff0af13800000b7ff1fd0ef804fe06f01df046300b00193
00d0019300000e938000af13fff08093800000b7fd5fd0effe9fd06f01df0463
01df046300e0019300000e93fff0af1300000093fb5fd0effc9fd06f01df0463
f91fd06f01df046300f0019300100e930010af13fff00093f99fd0effadfd06f
f61fd0eff75fd06f01df04630100019300000e93fff0af13fff00093f7dfd0ef
000f8067f45fd0eff59fd06f01d084630110019300100e9300d0a09300b00093
002001930ffe8e9300ff0eb70000af03dd8080930000409700a6202300000513
f00e8e93ff010eb70040af03db40809300004097f15fd0eff29fd06f01df0463
0ff01eb70080af03d900809300004097ef1fd0eff05fd06f01df046300300193
00c0af03d6c0809300004097ecdfd0efee1fd06f01df046300400193ff0e8e93
d540809300004097ea9fd0efebdfd06f01df04630050019300fe8e93f00ffeb7
00004097e85fd0efe99fd06f01df0463006001930ffe8e9300ff0eb7ff40af03
e61fd0efe75fd06f01df046300700193f00e8e93ff010eb7ff80af03d3008093
e51fd06f01df046300800193ff0e8e930ff01eb7ffc0af03d0c0809300004097
01df04630090019300fe8e93f00ffeb70000af03ce80809300004097e3dfd0ef
0ffe8e9300ff0eb70200a283fe008093cb80809300004097e19fd0efe2dfd06f
0000409700a6202300000513000f8067df1fd0efe05fd06f01d2846300a00193
002001930aae8e9300aa0eb70000af030020a0230aa1011300aa0137c9408093
0020a223a0010113aa00b137c640809300004097db5fd0efdc9fd06f01df0463
00004097d85fd0efd99fd06f01df046300300193a00e8e93aa00beb70040af03
00400193aa0e8e930aa01eb70080af030020a423aa0101130aa01137c3408093
0020a62300a10113a00aa137c040809300004097d55fd0efd69fd06f01df0463
00004097d25fd0efd39fd06f01df04630050019300ae8e93a00aaeb700c0af03
006001930aae8e9300aa0eb7ff40af03fe20aa230aa1011300aa0137bf008093
fe20ac23a0010113aa00b137bc00809300004097cf5fd0efd09fd06f01df0463
00004097cc5fd0efcd9fd06f01df046300700193a00e8e93aa00beb7ff80af03
00800193aa0e8e930aa01eb7ffc0af03fe20ae23aa0101130aa01137b9008093
0020a02300a10113a00aa137b600809300004097c95fd0efca9fd06f01df0463
00004097c65fd0efc79fd06f01df04630090019300ae8e93a00aaeb70000af03
678e8e9312345eb70000a28302222023fe0082136781011312345137b3408093
0020019300a6202300000513000f8067c31fd0efc45fd06f01d2846300a00193
00300463fe208ee300301863c1dfd06f00300463002088630000011300000093
bf1fd06f0030046300208863001001130010009300300193bf9fd0efc0dfd06f
fff00113fff0009300400193bcdfd0efbe1fd06f00300463fe208ee300301863
ba1fd0efbb5fd06f00300463fe208ee300301863bc5fd06f0030046300208863
fe208ce3b95fd06f003004630030166300208463001001130000009300500193
b71fd06f003004630030166300208463000001130010009300600193b7dfd0ef
00300463003016630020846300100113fff0009300700193b59fd0effe208ce3
0030166300208463fff001130010009300800193b35fd0effe208ce3b4dfd06f
0020019300a6202300000513000f8067b11fd0effe208ce3b29fd06f00300463
00300463fe209ee300301863afdfd06f00300463002098630010011300000093
ad1fd06f0030046300209863000001130010009300300193ad9fd0efaedfd06f
00100113fff0009300400193aadfd0efac1fd06f00300463fe209ee300301863
a81fd0efa95fd06f00300463fe209ee300301863aa5fd06f0030046300209863
fe209ee300301863a79fd06f0030046300209863fff001130010009300500193
0030166300209463000001130000009300600193a55fd0efa69fd06f00300463
00209463001001130010009300700193a31fd0effe209ce3a49fd06f00300463
fff00113fff0009300800193a0dfd0effe209ce3a25fd06f0030046300301663
00000513000f80679e9fd0effe209ce3a01fd06f003004630030166300209463
003018639d5fd06f003004630020c86300100113000000930020019300a62023
0020c86300100113fff00093003001939b1fd0ef9c5fd06f00300463fe20cee3
00400193985fd0ef999fd06f00300463fe20cee3003018639a9fd06f00300463
00300463fe20cee30030186397dfd06f003004630020c863fff00113ffe00093
00300463003016630020c463000001130010009300500193959fd0ef96dfd06f
003016630020c463fff001130010009300600193935fd0effe20cce394dfd06f
0020c463ffe00113fff0009300700193911fd0effe20cce3929fd06f00300463
ffe0011300100093008001938edfd0effe20cce3905fd06f0030046300301663
00000513000f80678c9fd0effe20cce38e1fd06f00300463003016630020c463
003018638b5fd06f003004630020d86300000113000000930020019300a62023
0020d863001001130010009300300193891fd0ef8a5fd06f00300463fe20dee3
00400193865fd0ef879fd06f00300463fe20dee300301863889fd06f00300463
00300463fe20dee30030186385dfd06f003004630020d863fff00113fff00093
831fd06f003004630020d863000001130010009300500193839fd0ef84dfd06f
fff00113001000930060019380dfd0ef821fd06f00300463fe20dee300301863
fe0fd0efff4fd06f00300463fe20dee300301863805fd06f003004630020d863
fe20dee300301863fd8fd06f003004630020d863ffe00113fff0009300700193
003016630020d463001001130000009300800193fb4fd0effc8fd06f00300463
0020d46300100113fff0009300900193f90fd0effe20dce3fa8fd06f00300463
fff00113ffe0009300a00193f6cfd0effe20dce3f84fd06f0030046300301663
ffe0009300b00193f48fd0effe20dce3f60fd06f00300463003016630020d463
000f8067f24fd0effe20dce3f3cfd06f00300463003016630020d46300100113
f10fd06f003004630020e86300100113000000930020019300a6202300000513
fff00113ffe0009300300193eecfd0eff00fd06f00300463fe20eee300301863
ec0fd0efed4fd06f00300463fe20eee300301863ee4fd06f003004630020e863
fe20eee300301863eb8fd06f003004630020e863fff001130000009300400193
003016630020e463000001130010009300500193e94fd0efea8fd06f00300463
0020e463ffe00113fff0009300600193e70fd0effe20ece3e88fd06f00300463
00000113fff0009300700193e4cfd0effe20ece3e64fd06f0030046300301663
800000b700800193e28fd0effe20ece3e40fd06f00300463003016630020e463
e00fd0effe20ece3e18fd06f00300463003016630020e463fff1011380000137
003004630020f86300000113000000930020019300a6202300000513000f8067
0010009300300193dc8fd0efddcfd06f00300463fe20fee300301863decfd06f
db0fd06f00300463fe20fee300301863dc0fd06f003004630020f86300100113
00301863d94fd06f003004630020f863fff00113fff0009300400193d9cfd0ef
0020f863000001130010009300500193d70fd0efd84fd06f00300463fe20fee3
00600193d44fd0efd58fd06f00300463fe20fee300301863d68fd06f00300463
00300463fe20fee300301863d3cfd06f003004630020f863ffe00113fff00093
d10fd06f003004630020f86300000113fff0009300700193d18fd0efd2cfd06f
001001130000009300800193cecfd0efd00fd06f00300463fe20fee300301863
ffe0009300900193cc8fd0effe20fce3ce0fd06f00300463003016630020f463
00a00193ca4fd0effe20fce3cbcfd06f00300463003016630020f463fff00113
c80fd0effe20fce3c98fd06f00300463003016630020f463fff0011300000093
c70fd06f00300463003016630020f46380000137fff08093800000b700b00193
71ce0e1300002e170000001300a6202300000513000f8067c58fd0effe20fce3
c20fd0efc34fd06f01de046300200193710e8e9300002eb741be0e3300400def
01de0463003001938f0e8e93ffffeeb741be0e3300400def8fce0e13ffffee17
0020019300000e93000000b700a6202300000513000f8067bf8fd0efc0cfd06f
01d084630030019380000e934010d093fffff0b7bd4fd0efbe8fd06f01d08463
bb0fd06f01d08463004001937ff00e934140d0937ffff0b7bb8fd0efbccfd06f
b80fd0efb94fd06f01d084630050019380000e934140d093800000b7b9cfd0ef
00000513000f8067b68fd0efb7cfd06f01d004630060019300000e9380000037
00000117b54fd06f00000013000000130100026f000000930020019300a62023
00108093001080930140006f00100093b30fd0efb44fd06f00410463ff410113
b10fd06f01d084630030019300300e9300108093001080930010809300108093
0103031300000317000002930020019300a6202300000513000f8067afcfd0ef
00400193ac4fd0efad8fd06f00628463ffc3031300000317ae8fd06f000302e7
0020029300120213ab8fd06f00300463000309e7014303130000031700000213
000309e70000001301830313000003170000021300500193a98fd0effe5212e3
0000021300600193a68fd0effe5210e30020029300120213a88fd06f00300463
00120213a54fd06f00300463000309e7000000130000001301c3031300000317
0fc080930000309700a6202300000513000f8067a34fd0effc521ee300200293
0dc0809300003097a08fd0efa1cfd06f01df0463002001930ff00e9300009f03
0bc08093000030979e8fd0ef9fcfd06f01df046300300193f0000e9300209f03
000030979c4fd0ef9d8fd06f01df046300400193ff0e8e9300001eb700409f03
9a0fd0ef9b4fd06f01df04630050019300fe8e93fffffeb700609f0309808093
980fd0ef994fd06f01df0463006001930ff00e93ffa09f0307a0809300003097
960fd0ef974fd06f01df046300700193f0000e93ffc09f0305a0809300003097
950fd06f01df046300800193ff0e8e9300001eb7ffe09f0303a0809300003097
01df04630090019300fe8e93fffffeb700009f03016080930000309793cfd0ef
00a001930ff00e9302009283fe008093fec0809300003097918fd0ef92cfd06f
f0000e9300709283ffb08093fc808093000030978f4fd0ef908fd06f01d28463
0015151300a6202300000513000f80678d0fd0ef8e4fd06f01d2846300b00193
8a0fd0ef8b4fd06f01df046300200193fff00e9300008f03f9c0809300003097
880fd0ef894fd06f01df04630030019300000e9300108f03f7c0809300003097
860fd0ef874fd06f01df046300400193ff000e9300208f03f5c0809300003097
840fd0ef854fd06f01df04630050019300f00e9300308f03f3c0809300003097
820fd0ef834fd06f01df046300600193fff00e93ffd08f03f1f0809300003097
800fd0ef814fd06f01df04630070019300000e93ffe08f03eff0809300003097
fe1fc0efff5fc06f01df046300800193ff000e93fff08f03edf0809300003097
fc1fc0effd5fc06f01df04630090019300f00e9300008f03ebf0809300003097
fb1fc06f01d2846300a00193fff00e9302008283fe008093e9c0809300003097
01d2846300b0019300000e9300708283ffa08093e780809300003097f9dfc0ef
e4408093000030970015151300a6202300000513000f8067f79fc0eff8dfc06f
e240809300003097f49fc0eff5dfc06f01df0463002001930ff00e930000cf03
e040809300003097f29fc0eff3dfc06f01df04630030019300000e930010cf03
de40809300003097f09fc0eff1dfc06f01df0463004001930f000e930020cf03
dc70809300003097ee9fc0efefdfc06f01df04630050019300f00e930030cf03
da70809300003097ec9fc0efeddfc06f01df0463006001930ff00e93ffd0cf03
d870809300003097ea9fc0efebdfc06f01df04630070019300000e93ffe0cf03
d670809300003097e89fc0efe9dfc06f01df0463008001930f000e93fff0cf03
d440809300003097e69fc0efe7dfc06f01df04630090019300f00e930000cf03
00003097e45fc0efe59fc06f01d2846300a001930ff00e930200c283fe008093
e21fc0efe35fc06f01d2846300b0019300000e930070c283ffa08093d2008093
0ff00e930000df03ce408093000030970015151300a6202300000513000f8067
00010eb70020df03cc40809300003097df1fc0efe05fc06f01df046300200193
0040df03ca00809300003097dcdfc0efde1fc06f01df046300300193f00e8e93
c7c0809300003097da9fc0efdbdfc06f01df046300400193ff0e8e9300001eb7
00003097d85fc0efd99fc06f01df04630050019300fe8e930000feb70060df03
00003097d65fc0efd79fc06f01df0463006001930ff00e93ffa0df03c5e08093
d41fc0efd55fc06f01df046300700193f00e8e9300010eb7ffc0df03c3e08093
d31fc06f01df046300800193ff0e8e9300001eb7ffe0df03c1a0809300003097
01df04630090019300fe8e930000feb70000df03bf60809300003097d1dfc0ef
00a001930ff00e930200d283fe008093bcc0809300003097cf9fc0efd0dfc06f
00010eb70070d283ffb08093ba80809300003097cd5fc0efce9fc06f01d28463
00a6202300000513000f8067cadfc0efcc1fc06f01d2846300b00193f00e8e93
002001930aa00e9300009f03002090230aa00113b86080930000309700151513
00209123a0010113ffffb137b5e0809300003097c75fc0efc89fc06f01df0463
00003097c45fc0efc59fc06f01df046300300193a00e8e93ffffbeb700209f03
00400193aa0e8e9300001eb700409f0300209223aa010113beef1137b2e08093
0020932300a10113ffffa137afe0809300003097c15fc0efc29fc06f01df0463
00003097be5fc0efbf9fc06f01df04630050019300ae8e93ffffaeb700609f03
bd1fc06f01df0463006001930aa00e93ffa09f03fe209d230aa00113adc08093
ffffbeb7ffc09f03fe209e23a0010113ffffb137ab40809300003097bbdfc0ef
00001137a840809300003097b8dfc0efba1fc06f01df046300700193a00e8e93
b71fc06f01df046300800193aa0e8e9300001eb7ffe09f03fe209f23aa010113
ffffaeb700009f030020902300a10113ffffa137a540809300003097b5dfc0ef
12345137a260809300003097b2dfc0efb41fc06f01df04630090019300ae8e93
01d2846300a00193678e8e9300005eb70000928302221023fe00821367810113
002093a3ffb0809309810113000031379f20809300003097af9fc0efb0dfc06f
ad1fc06f01d2846300b00193098e8e9300003eb7000212839dc2021300003217
faa0011398c08093000030970015151300a6202300000513000f8067abdfc0ef
00003097a85fc0efa99fc06f01df046300200193faa00e9300008f0300208023
a71fc06f01df04630030019300000e9300108f03002080a30000011396408093
fa000e9300208f0300208123fa010113fffff13793c0809300003097a5dfc0ef
002081a300a001139100809300003097a31fc0efa45fc06f01df046300400193
8ef0809300003097a09fc0efa1dfc06f01df04630050019300a00e9300308f03
9e1fc0ef9f5fc06f01df046300600193faa00e93ffd08f03fe208ea3faa00113
01df04630070019300000e93ffe08f03fe208f23000001138c70809300003097
fa000e93fff08f03fe208fa3fa00011389f08093000030979b9fc0ef9cdfc06f
0020802300a001138770809300003097991fc0ef9a5fc06f01df046300800193
8500809300003097969fc0ef97dfc06f01df04630090019300a00e9300008f03
01d2846300a0019307800e930000828302220023fe0082136781011312345137
002083a3ffa0809309810113000031378200809300003097939fc0ef94dfc06f
901fc0ef915fc06f01d2846300b00193f9800e93000202838092021300003217
00000000000000000000000000000000000000000000000000000000000f8067
0000000000000000000000000000000000000000000000000000000000000000
0000000000000000000000000000000000000000000000000000000000000000
0000000000000000000000000000000000000000000000000000000000000000
0000000000000000000000000000000000000000000000000000000000000000
0000000000000000000000000000000000000000000000000000000000000000
0000000000000000000000000000000000000000000000000000000000000000
0000000000000000000000000000000000000000000000000000000000000000
0000000000000000000000000000000000000000000000000000000000000000
0000000000000000000000000000000000000000000000000000000000000000
0000000000000000000000000000000000000000000000000000000000000000
0000000000000000000000000000000000000000000000000000000000000000
0000000000000000000000000000000000000000000000000000000000000000
0000000000000000000000000000000000000000000000000000000000000000
0000000000000000000000000000000000000000000000000000000000000000
0000000000000000000000000000000000000000000000000000000000000000
0000000000000000000000000000000000000000000000000000000000000000
0000000000000000000000000000000000000000000000000000000000000000
0000000000000000000000000000000000000000000000000000000000000000
0000000000000000000000000000000000000000000000000000000000000000
0000000000000000000000000000000000000000000000000000000000000000
0000000000000000000000000000000000000000000000000000000000000000
0000000000000000000000000000000000000000000000000000000000000000
0000000000000000000000000000000000000000000000000000000000000000
0000000000000000000000000000000000000000000000000000000000000000
0000000000000000000000000000000000000000000000000000000000000000
0000000000000000000000000000000000000000000000000000000000000000
0000000000000000000000000000000000000000000000000000000000000000
0000000000000000000000000000000000000000000000000000000000000000
0000000000000000000000000000000000000000000000000000000000000000
0000000000000000000000000000000000000000000000000000000000000000
0000000000000000000000000000000000000000000000000000000000000000
0000000000000000000000000000000000000000000000000000000000000000
0000000000000000000000000000000000000000000000000000000000000000
0000000000000000000000000000000000000000000000000000000000000000
0000000000000000000000000000000000000000000000000000000000000000
0000000000000000000000000000000000000000000000000000000000000000
0000000000000000000000000000000000000000000000000000000000000000
0000000000000000000000000000000000000000000000000000000000000000
0000000000000000000000000000000000000000000000000000000000000000
0000000000000000000000000000000000000000000000000000000000000000
0000000000000000000000000000000000000000000000000000000000000000
0000000000000000000000000000000000000000000000000000000000000000
0000000000000000000000000000000000000000000000000000000000000000
0000000000000000000000000000000000000000000000000000000000000000
0000000000000000000000000000000000000000000000000000000000000000
0000000000000000000000000000000000000000000000000000000000000000
0000000000000000000000000000000000000000000000000000000000000000
0000000000000000000000000000000000000000000000000000000000000000
0000000000000000000000000000000000000000000000000000000000000000
0000000000000000000000000000000000000000000000000000000000000000
0000000000000000000000000000000000000000000000000000000000000000
0000000000000000000000000000000000000000000000000000000000000000
0000000000000000000000000000000000000000000000000000000000000000
0000000000000000000000000000000000000000000000000000000000000000
0000000000000000000000000000000000000000000000000000000000000000
0000000000000000000000000000000000000000000000000000000000000000
0000000000000000000000000000000000000000000000000000000000000000
0000000000000000000000000000000000000000000000000000000000000000
0000000000000000000000000000000000000000000000000000000000000000
0000000000000000000000000000000000000000000000000000000000000000
0000000000000000000000000000000000000000000000000000000000000000
0000000000000000000000000000000000000000000000000000000000000000
0000000000000000000000000000000000000000000000000000000000000000
0000000000000000000000000000000000000000000000000000000000000000
0000000000000000000000000000000000000000000000000000000000000000
0000000000000000000000000000000000000000000000000000000000000000
0000000000000000000000000000000000000000000000000000000000000000
0000000000000000000000000000000000000000000000000000000000000000
0000000000000000000000000000000000000000000000000000000000000000
0000000000000000000000000000000000000000000000000000000000000000
0000000000000000000000000000000000000000000000000000000000000000
0000000000000000000000000000000000000000000000000000000000000000
0000000000000000000000000000000000000000000000000000000000000000
0000000000000000000000000000000000000000000000000000000000000000
0000000000000000000000000000000000000000000000000000000000000000
0000000000000000000000000000000000000000000000000000000000000000
0000000000000000000000000000000000000000000000000000000000000000
0000000000000000000000000000000000000000000000000000000000000000
0000000000000000000000000000000000000000000000000000000000000000
0000000000000000000000000000000000000000000000000000000000000000
0000000000000000000000000000000000000000000000000000000000000000
0000000000000000000000000000000000000000000000000000000000000000
0000000000000000000000000000000000000000000000000000000000000000
0000000000000000000000000000000000000000000000000000000000000000
0000000000000000000000000000000000000000000000000000000000000000
0000000000000000000000000000000000000000000000000000000000000000
0000000000000000000000000000000000000000000000000000000000000000
0000000000000000000000000000000000000000000000000000000000000000
0000000000000000000000000000000000000000000000000000000000000000
0000000000000000000000000000000000000000000000000000000000000000
0000000000000000000000000000000000000000000000000000000000000000
0000000000000000000000000000000000000000000000000000000000000000
0000000000000000000000000000000000000000000000000000000000000000
0000000000000000000000000000000000000000000000000000000000000000
0000000000000000000000000000000000000000000000000000000000000000
0000000000000000000000000000000000000000000000000000000000000000
0000000000000000000000000000000000000000000000000000000000000000
0000000000000000000000000000000000000000000000000000000000000000
0000000000000000000000000000000000000000000000000000000000000000
0000000000000000000000000000000000000000000000000000000000000000
0000000000000000000000000000000000000000000000000000000000000000
0000000000000000000000000000000000000000000000000000000000000000
0000000000000000000000000000000000000000000000000000000000000000
0000000000000000000000000000000000000000000000000000000000000000
0000000000000000000000000000000000000000000000000000000000000000
0000000000000000000000000000000000000000000000000000000000000000
0000000000000000000000000000000000000000000000000000000000000000
0000000000000000000000000000000000000000000000000000000000000000
0000000000000000000000000000000000000000000000000000000000000000
0000000000000000000000000000000000000000000000000000000000000000
0000000000000000000000000000000000000000000000000000000000000000
0000000000000000000000000000000000000000000000000000000000000000
0000000000000000000000000000000000000000000000000000000000000000
0000000000000000000000000000000000000000000000000000000000000000
0000000000000000000000000000000000000000000000000000000000000000
0000000000000000000000000000000000000000000000000000000000000000
0000000000000000000000000000000000000000000000000000000000000000
0000000000000000000000000000000000000000000000000000000000000000
0000000000000000000000000000000000000000000000000000000000000000
0000000000000000000000000000000000000000000000000000000000000000
0000000000000000000000000000000000000000000000000000000000000000
0000000000000000000000000000000000000000000000000000000000000000
0000000000000000000000000000000000000000000000000000000000000000
0000000000000000000000000000000000000000000000000000000000000000
0000000000000000000000000000000000000000000000000000000000000000
0000000000000000000000000000000000000000000000000000000000000000
0000000000000000000000000000000000000000000000000000000000000000
0000000000000000000000000000000000000000000000000000000000000000
0000000000000000000000000000000000000000000000000000000000000000
0000000000000000000000000000000000000000000000000000000000000000
0000000000000000000000000000000000000000000000000000000000000000
0000000000000000000000000000000000000000000000000000000000000000
0000000000000000000000000000000000000000000000000000000000000000
0000000000000000000000000000000000000000000000000000000000000000
0000000000000000000000000000000000000000000000000000000000000000
0000000000000000000000000000000000000000000000000000000000000000
0000000000000000000000000000000000000000000000000000000000000000
0000000000000000000000000000000000000000000000000000000000000000
0000000000000000000000000000000000000000000000000000000000000000
0000000000000000000000000000000000000000000000000000000000000000
0000000000000000000000000000000000000000000000000000000000000000
0000000000000000000000000000000000000000000000000000000000000000
0000000000000000000000000000000000000000000000000000000000000000
0000000000000000000000000000000000000000000000000000000000000000
0000000000000000000000000000000000000000000000000000000000000000
0000000000000000000000000000000000000000000000000000000000000000
0000000000000000000000000000000000000000000000000000000000000000
0000000000000000000000000000000000000000000000000000000000000000
0000000000000000000000000000000000000000000000000000000000000000
0000000000000000000000000000000000000000000000000000000000000000
0000000000000000000000000000000000000000000000000000000000000000
0000000000000000000000000000000000000000000000000000000000000000
0000000000000000000000000000000000000000000000000000000000000000
0000000000000000000000000000000000000000000000000000000000000000
0000000000000000000000000000000000000000000000000000000000000000
0000000000000000000000000000000000000000000000000000000000000000
0000000000000000000000000000000000000000000000000000000000000000
0000000000000000000000000000000000000000000000000000000000000000
0000000000000000000000000000000000000000000000000000000000000000
0000000000000000000000000000000000000000000000000000000000000000
0000000000000000000000000000000000000000000000000000000000000000
0000000000000000000000000000000000000000000000000000000000000000
0000000000000000000000000000000000000000000000000000000000000000
0000000000000000000000000000000000000000000000000000000000000000
0000000000000000000000000000000000000000000000000000000000000000
0000000000000000000000000000000000000000000000000000000000000000
0000000000000000000000000000000000000000000000000000000000000000
0000000000000000000000000000000000000000000000000000000000000000
0000000000000000000000000000000000000000000000000000000000000000
0000000000000000000000000000000000000000000000000000000000000000
0000000000000000000000000000000000000000000000000000000000000000
0000000000000000000000000000000000000000000000000000000000000000
0000000000000000000000000000000000000000000000000000000000000000
0000000000000000000000000000000000000000000000000000000000000000
0000000000000000000000000000000000000000000000000000000000000000
0000000000000000000000000000000000000000000000000000000000000000
0000000000000000000000000000000000000000000000000000000000000000
0000000000000000000000000000000000000000000000000000000000000000
0000000000000000000000000000000000000000000000000000000000000000
0000000000000000000000000000000000000000000000000000000000000000
0000000000000000000000000000000000000000000000000000000000000000
0000000000000000000000000000000000000000000000000000000000000000
0000000000000000000000000000000000000000000000000000000000000000
0000000000000000000000000000000000000000000000000000000000000000
0000000000000000000000000000000000000000000000000000000000000000
0000000000000000000000000000000000000000000000000000000000000000
0000000000000000000000000000000000000000000000000000000000000000
0000000000000000000000000000000000000000000000000000000000000000
0000000000000000000000000000000000000000000000000000000000000000
0000000000000000000000000000000000000000000000000000000000000000
0000000000000000000000000000000000000000000000000000000000000000
0000000000000000000000000000000000000000000000000000000000000000
0000000000000000000000000000000000000000000000000000000000000000
0000000000000000000000000000000000000000000000000000000000000000
0000000000000000000000000000000000000000000000000000000000000000
0000000000000000000000000000000000000000000000000000000000000000
0000000000000000000000000000000000000000000000000000000000000000
0000000000000000000000000000000000000000000000000000000000000000
0000000000000000000000000000000000000000000000000000000000000000
0000000000000000000000000000000000000000000000000000000000000000
0000000000000000000000000000000000000000000000000000000000000000
0000000000000000000000000000000000000000000000000000000000000000
0000000000000000000000000000000000000000000000000000000000000000
0000000000000000000000000000000000000000000000000000000000000000
0000000000000000000000000000000000000000000000000000000000000000
0000000000000000000000000000000000000000000000000000000000000000
0000000000000000000000000000000000000000000000000000000000000000
0000000000000000000000000000000000000000000000000000000000000000
0000000000000000000000000000000000000000000000000000000000000000
0000000000000000000000000000000000000000000000000000000000000000
0000000000000000000000000000000000000000000000000000000000000000
0000000000000000000000000000000000000000000000000000000000000000
0000000000000000000000000000000000000000000000000000000000000000
0000000000000000000000000000000000000000000000000000000000000000
0000000000000000000000000000000000000000000000000000000000000000
0000000000000000000000000000000000000000000000000000000000000000
0000000000000000000000000000000000000000000000000000000000000000
0000000000000000000000000000000000000000000000000000000000000000
0000000000000000000000000000000000000000000000000000000000000000
0000000000000000000000000000000000000000000000000000000000000000
0000000000000000000000000000000000000000000000000000000000000000
0000000000000000000000000000000000000000000000000000000000000000
0000000000000000000000000000000000000000000000000000000000000000
0000000000000000000000000000000000000000000000000000000000000000
0000000000000000000000000000000000000000000000000000000000000000
0000000000000000000000000000000000000000000000000000000000000000
0000000000000000000000000000000000000000000000000000000000000000
0000000000000000000000000000000000000000000000000000000000000000
0000000000000000000000000000000000000000000000000000000000000000
0000000000000000000000000000000000000000000000000000000000000000
0000000000000000000000000000000000000000000000000000000000000000
0000000000000000000000000000000000000000000000000000000000000000
0000000000000000000000000000000000000000000000000000000000000000
0000000000000000000000000000000000000000000000000000000000000000
0000000000000000000000000000000000000000000000000000000000000000
0000000000000000000000000000000000000000000000000000000000000000
0000000000000000000000000000000000000000000000000000000000000000
0000000000000000000000000000000000000000000000000000000000000000
0000000000000000000000000000000000000000000000000000000000000000
0000000000000000000000000000000000000000000000000000000000000000
0000000000000000000000000000000000000000000000000000000000000000
0000000000000000000000000000000000000000000000000000000000000000
0000000000000000000000000000000000000000000000000000000000000000
0000000000000000000000000000000000000000000000000000000000000000
0000000000000000000000000000000000000000000000000000000000000000
0000000000000000000000000000000000000000000000000000000000000000
0000000000000000000000000000000000000000000000000000000000000000
0000000000000000000000000000000000000000000000000000000000000000
0000000000000000000000000000000000000000000000000000000000000000
0000000000000000000000000000000000000000000000000000000000000000
0000000000000000000000000000000000000000000000000000000000000000
0000000000000000000000000000000000000000000000000000000000000000
0000000000000000000000000000000000000000000000000000000000000000
0000000000000000000000000000000000000000000000000000000000000000
0000000000000000000000000000000000000000000000000000000000000000
0000000000000000000000000000000000000000000000000000000000000000
0000000000000000000000000000000000000000000000000000000000000000
0000000000000000000000000000000000000000000000000000000000000000
0000000000000000000000000000000000000000000000000000000000000000
0000000000000000000000000000000000000000000000000000000000000000
0000000000000000000000000000000000000000000000000000000000000000
0000000000000000000000000000000000000000000000000000000000000000
0000000000000000000000000000000000000000000000000000000000000000
0000000000000000000000000000000000000000000000000000000000000000
0000000000000000000000000000000000000000000000000000000000000000
0000000000000000000000000000000000000000000000000000000000000000
0000000000000000000000000000000000000000000000000000000000000000
0000000000000000000000000000000000000000000000000000000000000000
0000000000000000000000000000000000000000000000000000000000000000
0000000000000000000000000000000000000000000000000000000000000000
0000000000000000000000000000000000000000000000000000000000000000
0000000000000000000000000000000000000000000000000000000000000000
0000000000000000000000000000000000000000000000000000000000000000
0000000000000000000000000000000000000000000000000000000000000000
0000000000000000000000000000000000000000000000000000000000000000
0000000000000000000000000000000000000000000000000000000000000000
0000000000000000000000000000000000000000000000000000000000000000
0000000000000000000000000000000000000000000000000000000000000000
0000000000000000000000000000000000000000000000000000000000000000
0000000000000000000000000000000000000000000000000000000000000000
0000000000000000000000000000000000000000000000000000000000000000
0000000000000000000000000000000000000000000000000000000000000000
0000000000000000000000000000000000000000000000000000000000000000
0000000000000000000000000000000000000000000000000000000000000000
0000000000000000000000000000000000000000000000000000000000000000
0000000000000000000000000000000000000000000000000000000000000000
0000000000000000000000000000000000000000000000000000000000000000
0000000000000000000000000000000000000000000000000000000000000000
0000000000000000000000000000000000000000000000000000000000000000
0000000000000000000000000000000000000000000000000000000000000000
0000000000000000000000000000000000000000000000000000000000000000
0000000000000000000000000000000000000000000000000000000000000000
0000000000000000000000000000000000000000000000000000000000000000
0000000000000000000000000000000000000000000000000000000000000000
0000000000000000000000000000000000000000000000000000000000000000
0000000000000000000000000000000000000000000000000000000000000000
0000000000000000000000000000000000000000000000000000000000000000
0000000000000000000000000000000000000000000000000000000000000000
0000000000000000000000000000000000000000000000000000000000000000
0000000000000000000000000000000000000000000000000000000000000000
0000000000000000000000000000000000000000000000000000000000000000
0000000000000000000000000000000000000000000000000000000000000000
0000000000000000000000000000000000000000000000000000000000000000
0000000000000000000000000000000000000000000000000000000000000000
0000000000000000000000000000000000000000000000000000000000000000
0000000000000000000000000000000000000000000000000000000000000000
0000000000000000000000000000000000000000000000000000000000000000
0000000000000000000000000000000000000000000000000000000000000000
0000000000000000000000000000000000000000000000000000000000000000
0000000000000000000000000000000000000000000000000000000000000000
0000000000000000000000000000000000000000000000000000000000000000
0000000000000000000000000000000000000000000000000000000000000000
0000000000000000000000000000000000000000000000000000000000000000
0000000000000000000000000000000000000000000000000000000000000000
0000000000000000000000000000000000000000000000000000000000000000
0000000000000000000000000000000000000000000000000000000000000000
deadbeefdeadbeefdeadbeefdeadbeeff00ff00f0ff00ff0ff00ff0000ff00ff
0ff000fff00f0ff0ff0000ffdeadbeefdeadbeefdeadbeefdeadbeefdeadbeef
0000beefbeefbeefbeefbeefbeefbeefbeefbeefbeefefefefefefefefefefef
0000000000000000000000000000000000000000000000000000000000000000
0000000000000000000000000000000000000000000000000000000000000000
0000000000000000000000000000000000000000000000000000000000000000
0000000000000000000000000000000000000000000000000000000000000000
0000000000000000000000000000000000000000000000000000000000000000
0000000000000000000000000000000000000000000000000000000000000000
0000000000000000000000000000000000000000000000000000000000000000
0000000000000000000000000000000000000000000000000000000000000000
0000000000000000000000000000000000000000000000000000000000000000
0000000000000000000000000000000000000000000000000000000000000000
0000000000000000000000000000000000000000000000000000000000000000
0000000000000000000000000000000000000000000000000000000000000000
0000000000000000000000000000000000000000000000000000000000000000
0000000000000000000000000000000000000000000000000000000000000000
0000000000000000000000000000000000000000000000000000000000000000
0000000000000000000000000000000000000000000000000000000000000000
0000000000000000000000000000000000000000000000000000000000000000
0000000000000000000000000000000000000000000000000000000000000000
0000000000000000000000000000000000000000000000000000000000000000
0000000000000000000000000000000000000000000000000000000000000000
0000000000000000000000000000000000000000000000000000000000000000
0000000000000000000000000000000000000000000000000000000000000000
0000000000000000000000000000000000000000000000000000000000000000
0000000000000000000000000000000000000000000000000000000000000000
0000000000000000000000000000000000000000000000000000000000000000
0000000000000000000000000000000000000000000000000000000000000000
0000000000000000000000000000000000000000000000000000000000000000
0000000000000000000000000000000000000000000000000000000000000000
0000000000000000000000000000000000000000000000000000000000000000
0000000000000000000000000000000000000000000000000000000000000000
0000000000000000000000000000000000000000000000000000000000000000
0000000000000000000000000000000000000000000000000000000000000000
0000000000000000000000000000000000000000000000000000000000000000
0000000000000000000000000000000000000000000000000000000000000000
0000000000000000000000000000000000000000000000000000000000000000
0000000000000000000000000000000000000000000000000000000000000000
0000000000000000000000000000000000000000000000000000000000000000
0000000000000000000000000000000000000000000000000000000000000000
0000000000000000000000000000000000000000000000000000000000000000
0000000000000000000000000000000000000000000000000000000000000000
0000000000000000000000000000000000000000000000000000000000000000
0000000000000000000000000000000000000000000000000000000000000000
0000000000000000000000000000000000000000000000000000000000000000
0000000000000000000000000000000000000000000000000000000000000000
0000000000000000000000000000000000000000000000000000000000000000
0000000000000000000000000000000000000000000000000000000000000000
0000000000000000000000000000000000000000000000000000000000000000
0000000000000000000000000000000000000000000000000000000000000000
0000000000000000000000000000000000000000000000000000000000000000
0000000000000000000000000000000000000000000000000000000000000000
0000000000000000000000000000000000000000000000000000000000000000
0000000000000000000000000000000000000000000000000000000000000000
0000000000000000000000000000000000000000000000000000000000000000
0000000000000000000000000000000000000000000000000000000000000000
0000000000000000000000000000000000000000000000000000000000000000
0000000000000000000000000000000000000000000000000000000000000000
0000000000000000000000000000000000000000000000000000000000000000
0000000000000000000000000000000000000000000000000000000000000000
0000000000000000000000000000000000000000000000000000000000000000
0000000000000000000000000000000000000000000000000000000000000000
0000000000000000000000000000000000000000000000000000000000000000
0000000000000000000000000000000000000000000000000000000000000000
0000000000000000000000000000000000000000000000000000000000000000
0000000000000000000000000000000000000000000000000000000000000000
0000000000000000000000000000000000000000000000000000000000000000
0000000000000000000000000000000000000000000000000000000000000000
0000000000000000000000000000000000000000000000000000000000000000
0000000000000000000000000000000000000000000000000000000000000000
0000000000000000000000000000000000000000000000000000000000000000
0000000000000000000000000000000000000000000000000000000000000000
0000000000000000000000000000000000000000000000000000000000000000
0000000000000000000000000000000000000000000000000000000000000000
0000000000000000000000000000000000000000000000000000000000000000
0000000000000000000000000000000000000000000000000000000000000000
0000000000000000000000000000000000000000000000000000000000000000
0000000000000000000000000000000000000000000000000000000000000000
0000000000000000000000000000000000000000000000000000000000000000
0000000000000000000000000000000000000000000000000000000000000000
0000000000000000000000000000000000000000000000000000000000000000
0000000000000000000000000000000000000000000000000000000000000000
0000000000000000000000000000000000000000000000000000000000000000
0000000000000000000000000000000000000000000000000000000000000000
0000000000000000000000000000000000000000000000000000000000000000
0000000000000000000000000000000000000000000000000000000000000000
0000000000000000000000000000000000000000000000000000000000000000
0000000000000000000000000000000000000000000000000000000000000000
0000000000000000000000000000000000000000000000000000000000000000
0000000000000000000000000000000000000000000000000000000000000000
0000000000000000000000000000000000000000000000000000000000000000
0000000000000000000000000000000000000000000000000000000000000000
0000000000000000000000000000000000000000000000000000000000000000
0000000000000000000000000000000000000000000000000000000000000000
0000000000000000000000000000000000000000000000000000000000000000
0000000000000000000000000000000000000000000000000000000000000000
0000000000000000000000000000000000000000000000000000000000000000
0000000000000000000000000000000000000000000000000000000000000000
0000000000000000000000000000000000000000000000000000000000000000
0000000000000000000000000000000000000000000000000000000000000000
0000000000000000000000000000000000000000000000000000000000000000
0000000000000000000000000000000000000000000000000000000000000000
0000000000000000000000000000000000000000000000000000000000000000
0000000000000000000000000000000000000000000000000000000000000000
0000000000000000000000000000000000000000000000000000000000000000
0000000000000000000000000000000000000000000000000000000000000000
0000000000000000000000000000000000000000000000000000000000000000
0000000000000000000000000000000000000000000000000000000000000000
0000000000000000000000000000000000000000000000000000000000000000
0000000000000000000000000000000000000000000000000000000000000000
0000000000000000000000000000000000000000000000000000000000000000
0000000000000000000000000000000000000000000000000000000000000000
0000000000000000000000000000000000000000000000000000000000000000
0000000000000000000000000000000000000000000000000000000000000000
0000000000000000000000000000000000000000000000000000000000000000
0000000000000000000000000000000000000000000000000000000000000000
0000000000000000000000000000000000000000000000000000000000000000
0000000000000000000000000000000000000000000000000000000000000000
0000000000000000000000000000000000000000000000000000000000000000
0000000000000000000000000000000000000000000000000000000000000000
0000000000000000000000000000000000000000000000000000000000000000
0000000000000000000000000000000000000000000000000000000000000000
0000000000000000000000000000000000000000000000000000000000000000
0000000000000000000000000000000000000000000000000000000000000000
0000000000000000000000000000000000000000000000000000000000000000
0000000000000000000000000000000000000000000000000000000000000000
0000000000000000000000000000000000000000000000000000000000000000
0000000000000000000000000000000000000000000000000000000000000000
0000000000000000000000000000000000000000000000000000000000000000
0000000000000000000000000000000000000000000000000000000000000000
0000000000000000000000000000000000000000000000000000000000000000
0000000000000000000000000000000000000000000000000000000000000000
0000000000000000000000000000000000000000000000000000000000000000
0000000000000000000000000000000000000000000000000000000000000000
0000000000000000000000000000000000000000000000000000000000000000
0000000000000000000000000000000000000000000000000000000000000000
0000000000000000000000000000000000000000000000000000000000000000
0000000000000000000000000000000000000000000000000000000000000000
0000000000000000000000000000000000000000000000000000000000000000
0000000000000000000000000000000000000000000000000000000000000000
0000000000000000000000000000000000000000000000000000000000000000
0000000000000000000000000000000000000000000000000000000000000000
0000000000000000000000000000000000000000000000000000000000000000
0000000000000000000000000000000000000000000000000000000000000000
0000000000000000000000000000000000000000000000000000000000000000
0000000000000000000000000000000000000000000000000000000000000000
0000000000000000000000000000000000000000000000000000000000000000
0000000000000000000000000000000000000000000000000000000000000000
0000000000000000000000000000000000000000000000000000000000000000
0000000000000000000000000000000000000000000000000000000000000000
0000000000000000000000000000000000000000000000000000000000000000
0000000000000000000000000000000000000000000000000000000000000000
0000000000000000000000000000000000000000000000000000000000000000
0000000000000000000000000000000000000000000000000000000000000000
0000000000000000000000000000000000000000000000000000000000000000
0000000000000000000000000000000000000000000000000000000000000000
0000000000000000000000000000000000000000000000000000000000000000
0000000000000000000000000000000000000000000000000000000000000000
0000000000000000000000000000000000000000000000000000000000000000
0000000000000000000000000000000000000000000000000000000000000000
0000000000000000000000000000000000000000000000000000000000000000
0000000000000000000000000000000000000000000000000000000000000000
0000000000000000000000000000000000000000000000000000000000000000
0000000000000000000000000000000000000000000000000000000000000000
0000000000000000000000000000000000000000000000000000000000000000
0000000000000000000000000000000000000000000000000000000000000000
0000000000000000000000000000000000000000000000000000000000000000
0000000000000000000000000000000000000000000000000000000000000000
0000000000000000000000000000000000000000000000000000000000000000
0000000000000000000000000000000000000000000000000000000000000000
0000000000000000000000000000000000000000000000000000000000000000
0000000000000000000000000000000000000000000000000000000000000000
0000000000000000000000000000000000000000000000000000000000000000
0000000000000000000000000000000000000000000000000000000000000000
0000000000000000000000000000000000000000000000000000000000000000
0000000000000000000000000000000000000000000000000000000000000000
0000000000000000000000000000000000000000000000000000000000000000
0000000000000000000000000000000000000000000000000000000000000000
0000000000000000000000000000000000000000000000000000000000000000
0000000000000000000000000000000000000000000000000000000000000000
0000000000000000000000000000000000000000000000000000000000000000
0000000000000000000000000000000000000000000000000000000000000000
0000000000000000000000000000000000000000000000000000000000000000
0000000000000000000000000000000000000000000000000000000000000000
0000000000000000000000000000000000000000000000000000000000000000
0000000000000000000000000000000000000000000000000000000000000000
0000000000000000000000000000000000000000000000000000000000000000
0000000000000000000000000000000000000000000000000000000000000000
0000000000000000000000000000000000000000000000000000000000000000
0000000000000000000000000000000000000000000000000000000000000000
0000000000000000000000000000000000000000000000000000000000000000
0000000000000000000000000000000000000000000000000000000000000000
0000000000000000000000000000000000000000000000000000000000000000
0000000000000000000000000000000000000000000000000000000000000000
0000000000000000000000000000000000000000000000000000000000000000
0000000000000000000000000000000000000000000000000000000000000000
0000000000000000000000000000000000000000000000000000000000000000
0000000000000000000000000000000000000000000000000000000000000000
0000000000000000000000000000000000000000000000000000000000000000
0000000000000000000000000000000000000000000000000000000000000000
0000000000000000000000000000000000000000000000000000000000000000
0000000000000000000000000000000000000000000000000000000000000000
0000000000000000000000000000000000000000000000000000000000000000
0000000000000000000000000000000000000000000000000000000000000000
0000000000000000000000000000000000000000000000000000000000000000
0000000000000000000000000000000000000000000000000000000000000000
0000000000000000000000000000000000000000000000000000000000000000
0000000000000000000000000000000000000000000000000000000000000000
0000000000000000000000000000000000000000000000000000000000000000
0000000000000000000000000000000000000000000000000000000000000000
0000000000000000000000000000000000000000000000000000000000000000
0000000000000000000000000000000000000000000000000000000000000000
0000000000000000000000000000000000000000000000000000000000000000
0000000000000000000000000000000000000000000000000000000000000000
0000000000000000000000000000000000000000000000000000000000000000
0000000000000000000000000000000000000000000000000000000000000000
0000000000000000000000000000000000000000000000000000000000000000
0000000000000000000000000000000000000000000000000000000000000000
0000000000000000000000000000000000000000000000000000000000000000
0000000000000000000000000000000000000000000000000000000000000000
0000000000000000000000000000000000000000000000000000000000000000
0000000000000000000000000000000000000000000000000000000000000000
0000000000000000000000000000000000000000000000000000000000000000
0000000000000000000000000000000000000000000000000000000000000000
0000000000000000000000000000000000000000000000000000000000000000
0000000000000000000000000000000000000000000000000000000000000000
0000000000000000000000000000000000000000000000000000000000000000
0000000000000000000000000000000000000000000000000000000000000000
0000000000000000000000000000000000000000000000000000000000000000
0000000000000000000000000000000000000000000000000000000000000000
0000000000000000000000000000000000000000000000000000000000000000
0000000000000000000000000000000000000000000000000000000000000000
0000000000000000000000000000000000000000000000000000000000000000
0000000000000000000000000000000000000000000000000000000000000000
0000000000000000000000000000000000000000000000000000000000000000
0000000000000000000000000000000000000000000000000000000000000000
0000000000000000000000000000000000000000000000000000000000000000
0000000000000000000000000000000000000000000000000000000000000000
0000000000000000000000000000000000000000000000000000000000000000
0000000000000000000000000000000000000000000000000000000000000000
0000000000000000000000000000000000000000000000000000000000000000
0000000000000000000000000000000000000000000000000000000000000000
0000000000000000000000000000000000000000000000000000000000000000
0000000000000000000000000000000000000000000000000000000000000000
0000000000000000000000000000000000000000000000000000000000000000
0000000000000000000000000000000000000000000000000000000000000000
0000000000000000000000000000000000000000000000000000000000000000
0000000000000000000000000000000000000000000000000000000000000000
0000000000000000000000000000000000000000000000000000000000000000
0000000000000000000000000000000000000000000000000000000000000000
0000000000000000000000000000000000000000000000000000000000000000
0000000000000000000000000000000000000000000000000000000000000000
0000000000000000000000000000000000000000000000000000000000000000
0000000000000000000000000000000000000000000000000000000000000000
0000000000000000000000000000000000000000000000000000000000000000
0000000000000000000000000000000000000000000000000000000000000000
0000000000000000000000000000000000000000000000000000000000000000
0000000000000000000000000000000000000000000000000000000000000000
0000000000000000000000000000000000000000000000000000000000000000
0000000000000000000000000000000000000000000000000000000000000000
0000000000000000000000000000000000000000000000000000000000000000
0000000000000000000000000000000000000000000000000000000000000000
0000000000000000000000000000000000000000000000000000000000000000
0000000000000000000000000000000000000000000000000000000000000000
0000000000000000000000000000000000000000000000000000000000000000
0000000000000000000000000000000000000000000000000000000000000000
0000000000000000000000000000000000000000000000000000000000000000
0000000000000000000000000000000000000000000000000000000000000000
0000000000000000000000000000000000000000000000000000000000000000
0000000000000000000000000000000000000000000000000000000000000000
0000000000000000000000000000000000000000000000000000000000000000
0000000000000000000000000000000000000000000000000000000000000000
0000000000000000000000000000000000000000000000000000000000000000
0000000000000000000000000000000000000000000000000000000000000000
0000000000000000000000000000000000000000000000000000000000000000
0000000000000000000000000000000000000000000000000000000000000000
0000000000000000000000000000000000000000000000000000000000000000
0000000000000000000000000000000000000000000000000000000000000000
0000000000000000000000000000000000000000000000000000000000000000
0000000000000000000000000000000000000000000000000000000000000000
0000000000000000000000000000000000000000000000000000000000000000
0000000000000000000000000000000000000000000000000000000000000000
0000000000000000000000000000000000000000000000000000000000000000
0000000000000000000000000000000000000000000000000000000000000000
0000000000000000000000000000000000000000000000000000000000000000
0000000000000000000000000000000000000000000000000000000000000000
0000000000000000000000000000000000000000000000000000000000000000
0000000000000000000000000000000000000000000000000000000000000000
0000000000000000000000000000000000000000000000000000000000000000
0000000000000000000000000000000000000000000000000000000000000000
0000000000000000000000000000000000000000000000000000000000000000
0000000000000000000000000000000000000000000000000000000000000000
0000000000000000000000000000000000000000000000000000000000000000
0000000000000000000000000000000000000000000000000000000000000000
0000000000000000000000000000000000000000000000000000000000000000
0000000000000000000000000000000000000000000000000000000000000000
0000000000000000000000000000000000000000000000000000000000000000
0000000000000000000000000000000000000000000000000000000000000000
0000000000000000000000000000000000000000000000000000000000000000
0000000000000000000000000000000000000000000000000000000000000000
0000000000000000000000000000000000000000000000000000000000000000
0000000000000000000000000000000000000000000000000000000000000000
0000000000000000000000000000000000000000000000000000000000000000
0000000000000000000000000000000000000000000000000000000000000000
0000000000000000000000000000000000000000000000000000000000000000
0000000000000000000000000000000000000000000000000000000000000000
0000000000000000000000000000000000000000000000000000000000000000
0000000000000000000000000000000000000000000000000000000000000000
0000000000000000000000000000000000000000000000000000000000000000
0000000000000000000000000000000000000000000000000000000000000000
0000000000000000000000000000000000000000000000000000000000000000
0000000000000000000000000000000000000000000000000000000000000000
0000000000000000000000000000000000000000000000000000000000000000
0000000000000000000000000000000000000000000000000000000000000000
0000000000000000000000000000000000000000000000000000000000000000
0000000000000000000000000000000000000000000000000000000000000000
0000000000000000000000000000000000000000000000000000000000000000
0000000000000000000000000000000000000000000000000000000000000000
0000000000000000000000000000000000000000000000000000000000000000
0000000000000000000000000000000000000000000000000000000000000000
0000000000000000000000000000000000000000000000000000000000000000
0000000000000000000000000000000000000000000000000000000000000000
0000000000000000000000000000000000000000000000000000000000000000
0000000000000000000000000000000000000000000000000000000000000000
0000000000000000000000000000000000000000000000000000000000000000
0000000000000000000000000000000000000000000000000000000000000000
0000000000000000000000000000000000000000000000000000000000000000
0000000000000000000000000000000000000000000000000000000000000000
0000000000000000000000000000000000000000000000000000000000000000
0000000000000000000000000000000000000000000000000000000000000000
0000000000000000000000000000000000000000000000000000000000000000
0000000000000000000000000000000000000000000000000000000000000000
0000000000000000000000000000000000000000000000000000000000000000
0000000000000000000000000000000000000000000000000000000000000000
0000000000000000000000000000000000000000000000000000000000000000
0000000000000000000000000000000000000000000000000000000000000000
0000000000000000000000000000000000000000000000000000000000000000
0000000000000000000000000000000000000000000000000000000000000000
0000000000000000000000000000000000000000000000000000000000000000
0000000000000000000000000000000000000000000000000000000000000000
0000000000000000000000000000000000000000000000000000000000000000
0000000000000000000000000000000000000000000000000000000000000000
0000000000000000000000000000000000000000000000000000000000000000
0000000000000000000000000000000000000000000000000000000000000000
0000000000000000000000000000000000000000000000000000000000000000
0000000000000000000000000000000000000000000000000000000000000000
0000000000000000000000000000000000000000000000000000000000000000
0000000000000000000000000000000000000000000000000000000000000000
0000000000000000000000000000000000000000000000000000000000000000
0000000000000000000000000000000000000000000000000000000000000000
0000000000000000000000000000000000000000000000000000000000000000
0000000000000000000000000000000000000000000000000000000000000000
0000000000000000000000000000000000000000000000000000000000000000
0000000000000000000000000000000000000000000000000000000000000000
0000000000000000000000000000000000000000000000000000000000000000
0000000000000000000000000000000000000000000000000000000000000000
0000000000000000000000000000000000000000000000000000000000000000
0000000000000000000000000000000000000000000000000000000000000000
0000000000000000000000000000000000000000000000000000000000000000
0000000000000000000000000000000000000000000000000000000000000000
0000000000000000000000000000000000000000000000000000000000000000
0000000000000000000000000000000000000000000000000000000000000000
0000000000000000000000000000000000000000000000000000000000000000
0000000000000000000000000000000000000000000000000000000000000000
0000000000000000000000000000000000000000000000000000000000000000
0000000000000000000000000000000000000000000000000000000000000000
0000000000000000000000000000000000000000000000000000000000000000
0000000000000000000000000000000000000000000000000000000000000000
0000000000000000000000000000000000000000000000000000000000000000
0000000000000000000000000000000000000000000000000000000000000000
0000000000000000000000000000000000000000000000000000000000000000
0000000000000000000000000000000000000000000000000000000000000000
0000000000000000000000000000000000000000000000000000000000000000
0000000000000000000000000000000000000000000000000000000000000000
0000000000000000000000000000000000000000000000000000000000000000
0000000000000000000000000000000000000000000000000000000000000000
0000000000000000000000000000000000000000000000000000000000000000
0000000000000000000000000000000000000000000000000000000000000000
0000000000000000000000000000000000000000000000000000000000000000
0000000000000000000000000000000000000000000000000000000000000000
0000000000000000000000000000000000000000000000000000000000000000
0000000000000000000000000000000000000000000000000000000000000000
0000000000000000000000000000000000000000000000000000000000000000
0000000000000000000000000000000000000000000000000000000000000000
0000000000000000000000000000000000000000000000000000000000000000
0000000000000000000000000000000000000000000000000000000000000000
0000000000000000000000000000000000000000000000000000000000000000
0000000000000000000000000000000000000000000000000000000000000000
0000000000000000000000000000000000000000000000000000000000000000
0000000000000000000000000000000000000000000000000000000000000000
0000000000000000000000000000000000000000000000000000000000000000
0000000000000000000000000000000000000000000000000000000000000000
0000000000000000000000000000000000000000000000000000000000000000
0000000000000000000000000000000000000000000000000000000000000000
0000000000000000000000000000000000000000000000000000000000000000
0000000000000000000000000000000000000000000000000000000000000000
0000000000000000000000000000000000000000000000000000000000000000
0000000000000000000000000000000000000000000000000000000000000000
0000000000000000000000000000000000000000000000000000000000000000
0000000000000000000000000000000000000000000000000000000000000000
0000000000000000000000000000000000000000000000000000000000000000
0000000000000000000000000000000000000000000000000000000000000000
0000000000000000000000000000000000000000000000000000000000000000
0000000000000000000000000000000000000000000000000000000000000000
0000000000000000000000000000000000000000000000000000000000000000
0000000000000000000000000000000000000000000000000000000000000000
0000000000000000000000000000000000000000000000000000000000000000
0000000000000000000000000000000000000000000000000000000000000000
0000000000000000000000000000000000000000000000000000000000000000
0000000000000000000000000000000000000000000000000000000000000000
0000000000000000000000000000000000000000000000000000000000000000
0000000000000000000000000000000000000000000000000000000000000000
0000000000000000000000000000000000000000000000000000000000000000
0000000000000000000000000000000000000000000000000000000000000000
0000000000000000000000000000000000000000000000000000000000000000
0000000000000000000000000000000000000000000000000000000000000000
0000000000000000000000000000000000000000000000000000000000000000
0000000000000000000000000000000000000000000000000000000000000000
0000000000000000000000000000000000000000000000000000000000000000
0000000000000000000000000000000000000000000000000000000000000000
0000000000000000000000000000000000000000000000000000000000000000
0000000000000000000000000000000000000000000000000000000000000000
0000000000000000000000000000000000000000000000000000000000000000
0000000000000000000000000000000000000000000000000000000000000000
0000000000000000000000000000000000000000000000000000000000000000
0000000000000000000000000000000000000000000000000000000000000000
0000000000000000000000000000000000000000000000000000000000000000
0000000000000000000000000000000000000000000000000000000000000000
0000000000000000000000000000000000000000000000000000000000000000
0000000000000000000000000000000000000000000000000000000000000000
0000000000000000000000000000000000000000000000000000000000000000
0000000000000000000000000000000000000000000000000000000000000000
0000000000000000000000000000000000000000000000000000000000000000
0000000000000000000000000000000000000000000000000000000000000000
0000000000000000000000000000000000000000000000000000000000000000
0000000000000000000000000000000000000000000000000000000000000000
0000000000000000000000000000000000000000000000000000000000000000
0000000000000000000000000000000000000000000000000000000000000000
0000000000000000000000000000000000000000000000000000000000000000
0000000000000000000000000000000000000000000000000000000000000000
0000000000000000000000000000000000000000000000000000000000000000
0000000000000000000000000000000000000000000000000000000000000000
0000000000000000000000000000000000000000000000000000000000000000
0000000000000000000000000000000000000000000000000000000000000000
0000000000000000000000000000000000000000000000000000000000000000
0000000000000000000000000000000000000000000000000000000000000000
0000000000000000000000000000000000000000000000000000000000000000
0000000000000000000000000000000000000000000000000000000000000000
0000000000000000000000000000000000000000000000000000000000000000
0000000000000000000000000000000000000000000000000000000000000000
0000000000000000000000000000000000000000000000000000000000000000
0000000000000000000000000000000000000000000000000000000000000000
0000000000000000000000000000000000000000000000000000000000000000
0000000000000000000000000000000000000000000000000000000000000000
0000000000000000000000000000000000000000000000000000000000000000
0000000000000000000000000000000000000000000000000000000000000000
0000000000000000000000000000000000000000000000000000000000000000
0000000000000000000000000000000000000000000000000000000000000000
0000000000000000000000000000000000000000000000000000000000000000
0000000000000000000000000000000000000000000000000000000000000000
0000000000000000000000000000000000000000000000000000000000000000
0000000000000000000000000000000000000000000000000000000000000000
0000000000000000000000000000000000000000000000000000000000000000
0000000000000000000000000000000000000000000000000000000000000000
0000000000000000000000000000000000000000000000000000000000000000
0000000000000000000000000000000000000000000000000000000000000000
0000000000000000000000000000000000000000000000000000000000000000
0000000000000000000000000000000000000000000000000000000000000000
0000000000000000000000000000000000000000000000000000000000000000
0000000000000000000000000000000000000000000000000000000000000000
0000000000000000000000000000000000000000000000000000000000000000
0000000000000000000000000000000000000000000000000000000000000000
0000000000000000000000000000000000000000000000000000000000000000
0000000000000000000000000000000000000000000000000000000000000000
0000000000000000000000000000000000000000000000000000000000000000
0000000000000000000000000000000000000000000000000000000000000000
0000000000000000000000000000000000000000000000000000000000000000
0000000000000000000000000000000000000000000000000000000000000000
0000000000000000000000000000000000000000000000000000000000000000
0000000000000000000000000000000000000000000000000000000000000000
0000000000000000000000000000000000000000000000000000000000000000
0000000000000000000000000000000000000000000000000000000000000000
0000000000000000000000000000000000000000000000000000000000000000
0000000000000000000000000000000000000000000000000000000000000000
0000000000000000000000000000000000000000000000000000000000000000
0000000000000000000000000000000000000000000000000000000000000000
0000000000000000000000000000000000000000000000000000000000000000
0000000000000000000000000000000000000000000000000000000000000000
0000000000000000000000000000000000000000000000000000000000000000
0000000000000000000000000000000000000000000000000000000000000000
0000000000000000000000000000000000000000000000000000000000000000
0000000000000000000000000000000000000000000000000000000000000000
0000000000000000000000000000000000000000000000000000000000000000
0000000000000000000000000000000000000000000000000000000000000000
0000000000000000000000000000000000000000000000000000000000000000
0000000000000000000000000000000000000000000000000000000000000000
0000000000000000000000000000000000000000000000000000000000000000
0000000000000000000000000000000000000000000000000000000000000000
0000000000000000000000000000000000000000000000000000000000000000
0000000000000000000000000000000000000000000000000000000000000000
0000000000000000000000000000000000000000000000000000000000000000
0000000000000000000000000000000000000000000000000000000000000000
0000000000000000000000000000000000000000000000000000000000000000
0000000000000000000000000000000000000000000000000000000000000000
0000000000000000000000000000000000000000000000000000000000000000
0000000000000000000000000000000000000000000000000000000000000000
0000000000000000000000000000000000000000000000000000000000000000
0000000000000000000000000000000000000000000000000000000000000000
0000000000000000000000000000000000000000000000000000000000000000
0000000000000000000000000000000000000000000000000000000000000000
0000000000000000000000000000000000000000000000000000000000000000
0000000000000000000000000000000000000000000000000000000000000000
0000000000000000000000000000000000000000000000000000000000000000
0000000000000000000000000000000000000000000000000000000000000000
0000000000000000000000000000000000000000000000000000000000000000
0000000000000000000000000000000000000000000000000000000000000000
0000000000000000000000000000000000000000000000000000000000000000
0000000000000000000000000000000000000000000000000000000000000000
0000000000000000000000000000000000000000000000000000000000000000
0000000000000000000000000000000000000000000000000000000000000000
0000000000000000000000000000000000000000000000000000000000000000
0000000000000000000000000000000000000000000000000000000000000000
0000000000000000000000000000000000000000000000000000000000000000
0000000000000000000000000000000000000000000000000000000000000000
0000000000000000000000000000000000000000000000000000000000000000
0000000000000000000000000000000000000000000000000000000000000000
0000000000000000000000000000000000000000000000000000000000000000
0000000000000000000000000000000000000000000000000000000000000000
0000000000000000000000000000000000000000000000000000000000000000
0000000000000000000000000000000000000000000000000000000000000000
0000000000000000000000000000000000000000000000000000000000000000
0000000000000000000000000000000000000000000000000000000000000000
0000000000000000000000000000000000000000000000000000000000000000
0000000000000000000000000000000000000000000000000000000000000000
0000000000000000000000000000000000000000000000000000000000000000
0000000000000000000000000000000000000000000000000000000000000000
0000000000000000000000000000000000000000000000000000000000000000
0000000000000000000000000000000000000000000000000000000000000000
0000000000000000000000000000000000000000000000000000000000000000
0000000000000000000000000000000000000000000000000000000000000000
0000000000000000000000000000000000000000000000000000000000000000
0000000000000000000000000000000000000000000000000000000000000000
0000000000000000000000000000000000000000000000000000000000000000
0000000000000000000000000000000000000000000000000000000000000000
0000000000000000000000000000000000000000000000000000000000000000
0000000000000000000000000000000000000000000000000000000000000000
0000000000000000000000000000000000000000000000000000000000000000
0000000000000000000000000000000000000000000000000000000000000000
0000000000000000000000000000000000000000000000000000000000000000
0000000000000000000000000000000000000000000000000000000000000000
0000000000000000000000000000000000000000000000000000000000000000
0000000000000000000000000000000000000000000000000000000000000000
0000000000000000000000000000000000000000000000000000000000000000
0000000000000000000000000000000000000000000000000000000000000000
0000000000000000000000000000000000000000000000000000000000000000
0000000000000000000000000000000000000000000000000000000000000000
0000000000000000000000000000000000000000000000000000000000000000
0000000000000000000000000000000000000000000000000000000000000000
0000000000000000000000000000000000000000000000000000000000000000
0000000000000000000000000000000000000000000000000000000000000000
0000000000000000000000000000000000000000000000000000000000000000
0000000000000000000000000000000000000000000000000000000000000000
0000000000000000000000000000000000000000000000000000000000000000
0000000000000000000000000000000000000000000000000000000000000000
0000000000000000000000000000000000000000000000000000000000000000
0000000000000000000000000000000000000000000000000000000000000000
0000000000000000000000000000000000000000000000000000000000000000
0000000000000000000000000000000000000000000000000000000000000000
0000000000000000000000000000000000000000000000000000000000000000
0000000000000000000000000000000000000000000000000000000000000000
0000000000000000000000000000000000000000000000000000000000000000
0000000000000000000000000000000000000000000000000000000000000000
0000000000000000000000000000000000000000000000000000000000000000
0000000000000000000000000000000000000000000000000000000000000000
0000000000000000000000000000000000000000000000000000000000000000
0000000000000000000000000000000000000000000000000000000000000000
0000000000000000000000000000000000000000000000000000000000000000
0000000000000000000000000000000000000000000000000000000000000000
0000000000000000000000000000000000000000000000000000000000000000
0000000000000000000000000000000000000000000000000000000000000000
0000000000000000000000000000000000000000000000000000000000000000
0000000000000000000000000000000000000000000000000000000000000000
0000000000000000000000000000000000000000000000000000000000000000
0000000000000000000000000000000000000000000000000000000000000000
0000000000000000000000000000000000000000000000000000000000000000
0000000000000000000000000000000000000000000000000000000000000000
0000000000000000000000000000000000000000000000000000000000000000
0000000000000000000000000000000000000000000000000000000000000000
0000000000000000000000000000000000000000000000000000000000000000
0000000000000000000000000000000000000000000000000000000000000000
0000000000000000000000000000000000000000000000000000000000000000
0000000000000000000000000000000000000000000000000000000000000000
0000000000000000000000000000000000000000000000000000000000000000
0000000000000000000000000000000000000000000000000000000000000000
0000000000000000000000000000000000000000000000000000000000000000
0000000000000000000000000000000000000000000000000000000000000000
0000000000000000000000000000000000000000000000000000000000000000
0000000000000000000000000000000000000000000000000000000000000000
0000000000000000000000000000000000000000000000000000000000000000
0000000000000000000000000000000000000000000000000000000000000000
0000000000000000000000000000000000000000000000000000000000000000
0000000000000000000000000000000000000000000000000000000000000000
0000000000000000000000000000000000000000000000000000000000000000
0000000000000000000000000000000000000000000000000000000000000000
0000000000000000000000000000000000000000000000000000000000000000
0000000000000000000000000000000000000000000000000000000000000000
0000000000000000000000000000000000000000000000000000000000000000
0000000000000000000000000000000000000000000000000000000000000000
0000000000000000000000000000000000000000000000000000000000000000
0000000000000000000000000000000000000000000000000000000000000000
0000000000000000000000000000000000000000000000000000000000000000
0000000000000000000000000000000000000000000000000000000000000000
0000000000000000000000000000000000000000000000000000000000000000
0000000000000000000000000000000000000000000000000000000000000000
0000000000000000000000000000000000000000000000000000000000000000
0000000000000000000000000000000000000000000000000000000000000000
0000000000000000000000000000000000000000000000000000000000000000
0000000000000000000000000000000000000000000000000000000000000000
0000000000000000000000000000000000000000000000000000000000000000
0000000000000000000000000000000000000000000000000000000000000000
0000000000000000000000000000000000000000000000000000000000000000
0000000000000000000000000000000000000000000000000000000000000000
0000000000000000000000000000000000000000000000000000000000000000
0000000000000000000000000000000000000000000000000000000000000000
0000000000000000000000000000000000000000000000000000000000000000
0000000000000000000000000000000000000000000000000000000000000000
0000000000000000000000000000000000000000000000000000000000000000
0000000000000000000000000000000000000000000000000000000000000000
0000000000000000000000000000000000000000000000000000000000000000
0000000000000000000000000000000000000000000000000000000000000000
0000000000000000000000000000000000000000000000000000000000000000
0000000000000000000000000000000000000000000000000000000000000000
0000000000000000000000000000000000000000000000000000000000000000
0000000000000000000000000000000000000000000000000000000000000000
0000000000000000000000000000000000000000000000000000000000000000
0000000000000000000000000000000000000000000000000000000000000000
0000000000000000000000000000000000000000000000000000000000000000
0000000000000000000000000000000000000000000000000000000000000000
0000000000000000000000000000000000000000000000000000000000000000
0000000000000000000000000000000000000000000000000000000000000000
0000000000000000000000000000000000000000000000000000000000000000
0000000000000000000000000000000000000000000000000000000000000000
0000000000000000000000000000000000000000000000000000000000000000
0000000000000000000000000000000000000000000000000000000000000000
0000000000000000000000000000000000000000000000000000000000000000
0000000000000000000000000000000000000000000000000000000000000000
0000000000000000000000000000000000000000000000000000000000000000
0000000000000000000000000000000000000000000000000000000000000000
0000000000000000000000000000000000000000000000000000000000000000
0000000000000000000000000000000000000000000000000000000000000000
0000000000000000000000000000000000000000000000000000000000000000
0000000000000000000000000000000000000000000000000000000000000000
0000000000000000000000000000000000000000000000000000000000000000
0000000000000000000000000000000000000000000000000000000000000000
0000000000000000000000000000000000000000000000000000000000000000
0000000000000000000000000000000000000000000000000000000000000000
0000000000000000000000000000000000000000000000000000000000000000
0000000000000000000000000000000000000000000000000000000000000000
0000000000000000000000000000000000000000000000000000000000000000
0000000000000000000000000000000000000000000000000000000000000000
0000000000000000000000000000000000000000000000000000000000000000
0000000000000000000000000000000000000000000000000000000000000000
0000000000000000000000000000000000000000000000000000000000000000
0000000000000000000000000000000000000000000000000000000000000000
0000000000000000000000000000000000000000000000000000000000000000
0000000000000000000000000000000000000000000000000000000000000000
0000000000000000000000000000000000000000000000000000000000000000
0000000000000000000000000000000000000000000000000000000000000000
0000000000000000000000000000000000000000000000000000000000000000
0000000000000000000000000000000000000000000000000000000000000000
0000000000000000000000000000000000000000000000000000000000000000
0000000000000000000000000000000000000000000000000000000000000000
0000000000000000000000000000000000000000000000000000000000000000
0000000000000000000000000000000000000000000000000000000000000000
0000000000000000000000000000000000000000000000000000000000000000
0000000000000000000000000000000000000000000000000000000000000000
0000000000000000000000000000000000000000000000000000000000000000
0000000000000000000000000000000000000000000000000000000000000000
0000000000000000000000000000000000000000000000000000000000000000
0000000000000000000000000000000000000000000000000000000000000000
0000000000000000000000000000000000000000000000000000000000000000
0000000000000000000000000000000000000000000000000000000000000000
0000000000000000000000000000000000000000000000000000000000000000
0000000000000000000000000000000000000000000000000000000000000000
0000000000000000000000000000000000000000000000000000000000000000
0000000000000000000000000000000000000000000000000000000000000000
0000000000000000000000000000000000000000000000000000000000000000
0000000000000000000000000000000000000000000000000000000000000000
0000000000000000000000000000000000000000000000000000000000000000
0000000000000000000000000000000000000000000000000000000000000000
0000000000000000000000000000000000000000000000000000000000000000
0000000000000000000000000000000000000000000000000000000000000000
0000000000000000000000000000000000000000000000000000000000000000
0000000000000000000000000000000000000000000000000000000000000000
0000000000000000000000000000000000000000000000000000000000000000
0000000000000000000000000000000000000000000000000000000000000000
0000000000000000000000000000000000000000000000000000000000000000
0000000000000000000000000000000000000000000000000000000000000000
0000000000000000000000000000000000000000000000000000000000000000
0000000000000000000000000000000000000000000000000000000000000000
0000000000000000000000000000000000000000000000000000000000000000
0000000000000000000000000000000000000000000000000000000000000000
0000000000000000000000000000000000000000000000000000000000000000
0000000000000000000000000000000000000000000000000000000000000000
0000000000000000000000000000000000000000000000000000000000000000
0000000000000000000000000000000000000000000000000000000000000000
0000000000000000000000000000000000000000000000000000000000000000
0000000000000000000000000000000000000000000000000000000000000000
0000000000000000000000000000000000000000000000000000000000000000
0000000000000000000000000000000000000000000000000000000000000000
0000000000000000000000000000000000000000000000000000000000000000
0000000000000000000000000000000000000000000000000000000000000000
0000000000000000000000000000000000000000000000000000000000000000
0000000000000000000000000000000000000000000000000000000000000000
0000000000000000000000000000000000000000000000000000000000000000
0000000000000000000000000000000000000000000000000000000000000000
0000000000000000000000000000000000000000000000000000000000000000
0000000000000000000000000000000000000000000000000000000000000000
0000000000000000000000000000000000000000000000000000000000000000
0000000000000000000000000000000000000000000000000000000000000000
0000000000000000000000000000000000000000000000000000000000000000
0000000000000000000000000000000000000000000000000000000000000000
0000000000000000000000000000000000000000000000000000000000000000
0000000000000000000000000000000000000000000000000000000000000000
0000000000000000000000000000000000000000000000000000000000000000
0000000000000000000000000000000000000000000000000000000000000000
0000000000000000000000000000000000000000000000000000000000000000
0000000000000000000000000000000000000000000000000000000000000000
0000000000000000000000000000000000000000000000000000000000000000
0000000000000000000000000000000000000000000000000000000000000000
0000000000000000000000000000000000000000000000000000000000000000
0000000000000000000000000000000000000000000000000000000000000000
0000000000000000000000000000000000000000000000000000000000000000
0000000000000000000000000000000000000000000000000000000000000000
0000000000000000000000000000000000000000000000000000000000000000
0000000000000000000000000000000000000000000000000000000000000000
0000000000000000000000000000000000000000000000000000000000000000
0000000000000000000000000000000000000000000000000000000000000000
0000000000000000000000000000000000000000000000000000000000000000
0000000000000000000000000000000000000000000000000000000000000000
0000000000000000000000000000000000000000000000000000000000000000
0000000000000000000000000000000000000000000000000000000000000000
0000000000000000000000000000000000000000000000000000000000000000
0000000000000000000000000000000000000000000000000000000000000000
0000000000000000000000000000000000000000000000000000000000000000
0000000000000000000000000000000000000000000000000000000000000000
0000000000000000000000000000000000000000000000000000000000000000
0000000000000000000000000000000000000000000000000000000000000000
0000000000000000000000000000000000000000000000000000000000000000
0000000000000000000000000000000000000000000000000000000000000000
0000000000000000000000000000000000000000000000000000000000000000
0000000000000000000000000000000000000000000000000000000000000000
0000000000000000000000000000000000000000000000000000000000000000
0000000000000000000000000000000000000000000000000000000000000000
0000000000000000000000000000000000000000000000000000000000000000
0000000000000000000000000000000000000000000000000000000000000000
0000000000000000000000000000000000000000000000000000000000000000
0000000000000000000000000000000000000000000000000000000000000000
0000000000000000000000000000000000000000000000000000000000000000
0000000000000000000000000000000000000000000000000000000000000000
0000000000000000000000000000000000000000000000000000000000000000
0000000000000000000000000000000000000000000000000000000000000000
0000000000000000000000000000000000000000000000000000000000000000
0000000000000000000000000000000000000000000000000000000000000000
0000000000000000000000000000000000000000000000000000000000000000
0000000000000000000000000000000000000000000000000000000000000000
0000000000000000000000000000000000000000000000000000000000000000
0000000000000000000000000000000000000000000000000000000000000000
0000000000000000000000000000000000000000000000000000000000000000
0000000000000000000000000000000000000000000000000000000000000000
0000000000000000000000000000000000000000000000000000000000000000
0000000000000000000000000000000000000000000000000000000000000000
0000000000000000000000000000000000000000000000000000000000000000
0000000000000000000000000000000000000000000000000000000000000000
0000000000000000000000000000000000000000000000000000000000000000
0000000000000000000000000000000000000000000000000000000000000000
0000000000000000000000000000000000000000000000000000000000000000
0000000000000000000000000000000000000000000000000000000000000000
0000000000000000000000000000000000000000000000000000000000000000
0000000000000000000000000000000000000000000000000000000000000000
0000000000000000000000000000000000000000000000000000000000000000
0000000000000000000000000000000000000000000000000000000000000000
0000000000000000000000000000000000000000000000000000000000000000
0000000000000000000000000000000000000000000000000000000000000000
0000000000000000000000000000000000000000000000000000000000000000
0000000000000000000000000000000000000000000000000000000000000000
0000000000000000000000000000000000000000000000000000000000000000
0000000000000000000000000000000000000000000000000000000000000000
0000000000000000000000000000000000000000000000000000000000000000
0000000000000000000000000000000000000000000000000000000000000000
0000000000000000000000000000000000000000000000000000000000000000
0000000000000000000000000000000000000000000000000000000000000000
0000000000000000000000000000000000000000000000000000000000000000
0000000000000000000000000000000000000000000000000000000000000000
0000000000000000000000000000000000000000000000000000000000000000
0000000000000000000000000000000000000000000000000000000000000000
0000000000000000000000000000000000000000000000000000000000000000
0000000000000000000000000000000000000000000000000000000000000000
0000000000000000000000000000000000000000000000000000000000000000
0000000000000000000000000000000000000000000000000000000000000000
0000000000000000000000000000000000000000000000000000000000000000
0000000000000000000000000000000000000000000000000000000000000000
0000000000000000000000000000000000000000000000000000000000000000
0000000000000000000000000000000000000000000000000000000000000000
0000000000000000000000000000000000000000000000000000000000000000
0000000000000000000000000000000000000000000000000000000000000000
0000000000000000000000000000000000000000000000000000000000000000
0000000000000000000000000000000000000000000000000000000000000000
0000000000000000000000000000000000000000000000000000000000000000
0000000000000000000000000000000000000000000000000000000000000000
0000000000000000000000000000000000000000000000000000000000000000
0000000000000000000000000000000000000000000000000000000000000000
0000000000000000000000000000000000000000000000000000000000000000
0000000000000000000000000000000000000000000000000000000000000000
0000000000000000000000000000000000000000000000000000000000000000
0000000000000000000000000000000000000000000000000000000000000000
0000000000000000000000000000000000000000000000000000000000000000
0000000000000000000000000000000000000000000000000000000000000000
0000000000000000000000000000000000000000000000000000000000000000
0000000000000000000000000000000000000000000000000000000000000000
0000000000000000000000000000000000000000000000000000000000000000
0000000000000000000000000000000000000000000000000000000000000000
0000000000000000000000000000000000000000000000000000000000000000
0000000000000000000000000000000000000000000000000000000000000000
0000000000000000000000000000000000000000000000000000000000000000
0000000000000000000000000000000000000000000000000000000000000000
0000000000000000000000000000000000000000000000000000000000000000
0000000000000000000000000000000000000000000000000000000000000000
0000000000000000000000000000000000000000000000000000000000000000
0000000000000000000000000000000000000000000000000000000000000000
0000000000000000000000000000000000000000000000000000000000000000
0000000000000000000000000000000000000000000000000000000000000000
0000000000000000000000000000000000000000000000000000000000000000
0000000000000000000000000000000000000000000000000000000000000000
0000000000000000000000000000000000000000000000000000000000000000
0000000000000000000000000000000000000000000000000000000000000000
0000000000000000000000000000000000000000000000000000000000000000
0000000000000000000000000000000000000000000000000000000000000000
0000000000000000000000000000000000000000000000000000000000000000
0000000000000000000000000000000000000000000000000000000000000000
0000000000000000000000000000000000000000000000000000000000000000
0000000000000000000000000000000000000000000000000000000000000000
0000000000000000000000000000000000000000000000000000000000000000
0000000000000000000000000000000000000000000000000000000000000000
0000000000000000000000000000000000000000000000000000000000000000
0000000000000000000000000000000000000000000000000000000000000000
0000000000000000000000000000000000000000000000000000000000000000
0000000000000000000000000000000000000000000000000000000000000000
0000000000000000000000000000000000000000000000000000000000000000
0000000000000000000000000000000000000000000000000000000000000000
0000000000000000000000000000000000000000000000000000000000000000
0000000000000000000000000000000000000000000000000000000000000000
0000000000000000000000000000000000000000000000000000000000000000
0000000000000000000000000000000000000000000000000000000000000000
0000000000000000000000000000000000000000000000000000000000000000
0000000000000000000000000000000000000000000000000000000000000000
0000000000000000000000000000000000000000000000000000000000000000
0000000000000000000000000000000000000000000000000000000000000000
0000000000000000000000000000000000000000000000000000000000000000
0000000000000000000000000000000000000000000000000000000000000000
0000000000000000000000000000000000000000000000000000000000000000
0000000000000000000000000000000000000000000000000000000000000000
0000000000000000000000000000000000000000000000000000000000000000
0000000000000000000000000000000000000000000000000000000000000000
0000000000000000000000000000000000000000000000000000000000000000
0000000000000000000000000000000000000000000000000000000000000000
0000000000000000000000000000000000000000000000000000000000000000
0000000000000000000000000000000000000000000000000000000000000000
0000000000000000000000000000000000000000000000000000000000000000
0000000000000000000000000000000000000000000000000000000000000000
0000000000000000000000000000000000000000000000000000000000000000
0000000000000000000000000000000000000000000000000000000000000000
0000000000000000000000000000000000000000000000000000000000000000
0000000000000000000000000000000000000000000000000000000000000000
0000000000000000000000000000000000000000000000000000000000000000
0000000000000000000000000000000000000000000000000000000000000000
0000000000000000000000000000000000000000000000000000000000000000
0000000000000000000000000000000000000000000000000000000000000000
0000000000000000000000000000000000000000000000000000000000000000
0000000000000000000000000000000000000000000000000000000000000000
0000000000000000000000000000000000000000000000000000000000000000
0000000000000000000000000000000000000000000000000000000000000000
0000000000000000000000000000000000000000000000000000000000000000
0000000000000000000000000000000000000000000000000000000000000000
0000000000000000000000000000000000000000000000000000000000000000
0000000000000000000000000000000000000000000000000000000000000000
0000000000000000000000000000000000000000000000000000000000000000
0000000000000000000000000000000000000000000000000000000000000000
0000000000000000000000000000000000000000000000000000000000000000
0000000000000000000000000000000000000000000000000000000000000000
0000000000000000000000000000000000000000000000000000000000000000
0000000000000000000000000000000000000000000000000000000000000000
0000000000000000000000000000000000000000000000000000000000000000
0000000000000000000000000000000000000000000000000000000000000000
0000000000000000000000000000000000000000000000000000000000000000
0000000000000000000000000000000000000000000000000000000000000000
0000000000000000000000000000000000000000000000000000000000000000
0000000000000000000000000000000000000000000000000000000000000000
0000000000000000000000000000000000000000000000000000000000000000
0000000000000000000000000000000000000000000000000000000000000000
0000000000000000000000000000000000000000000000000000000000000000
0000000000000000000000000000000000000000000000000000000000000000
0000000000000000000000000000000000000000000000000000000000000000
0000000000000000000000000000000000000000000000000000000000000000
0000000000000000000000000000000000000000000000000000000000000000
0000000000000000000000000000000000000000000000000000000000000000
0000000000000000000000000000000000000000000000000000000000000000
0000000000000000000000000000000000000000000000000000000000000000
0000000000000000000000000000000000000000000000000000000000000000
0000000000000000000000000000000000000000000000000000000000000000
0000000000000000000000000000000000000000000000000000000000000000
0000000000000000000000000000000000000000000000000000000000000000
0000000000000000000000000000000000000000000000000000000000000000
0000000000000000000000000000000000000000000000000000000000000000
0000000000000000000000000000000000000000000000000000000000000000
0000000000000000000000000000000000000000000000000000000000000000
0000000000000000000000000000000000000000000000000000000000000000
0000000000000000000000000000000000000000000000000000000000000000
0000000000000000000000000000000000000000000000000000000000000000
0000000000000000000000000000000000000000000000000000000000000000
0000000000000000000000000000000000000000000000000000000000000000
0000000000000000000000000000000000000000000000000000000000000000
0000000000000000000000000000000000000000000000000000000000000000
0000000000000000000000000000000000000000000000000000000000000000
0000000000000000000000000000000000000000000000000000000000000000
0000000000000000000000000000000000000000000000000000000000000000
0000000000000000000000000000000000000000000000000000000000000000
0000000000000000000000000000000000000000000000000000000000000000
0000000000000000000000000000000000000000000000000000000000000000
0000000000000000000000000000000000000000000000000000000000000000
0000000000000000000000000000000000000000000000000000000000000000
0000000000000000000000000000000000000000000000000000000000000000
0000000000000000000000000000000000000000000000000000000000000000
0000000000000000000000000000000000000000000000000000000000000000
0000000000000000000000000000000000000000000000000000000000000000
0000000000000000000000000000000000000000000000000000000000000000
0000000000000000000000000000000000000000000000000000000000000000
0000000000000000000000000000000000000000000000000000000000000000
0000000000000000000000000000000000000000000000000000000000000000
0000000000000000000000000000000000000000000000000000000000000000
0000000000000000000000000000000000000000000000000000000000000000
0000000000000000000000000000000000000000000000000000000000000000
0000000000000000000000000000000000000000000000000000000000000000
0000000000000000000000000000000000000000000000000000000000000000
0000000000000000000000000000000000000000000000000000000000000000
0000000000000000000000000000000000000000000000000000000000000000
0000000000000000000000000000000000000000000000000000000000000000
0000000000000000000000000000000000000000000000000000000000000000
0000000000000000000000000000000000000000000000000000000000000000
0000000000000000000000000000000000000000000000000000000000000000
0000000000000000000000000000000000000000000000000000000000000000
0000000000000000000000000000000000000000000000000000000000000000
0000000000000000000000000000000000000000000000000000000000000000
0000000000000000000000000000000000000000000000000000000000000000
0000000000000000000000000000000000000000000000000000000000000000
0000000000000000000000000000000000000000000000000000000000000000
0000000000000000000000000000000000000000000000000000000000000000
0000000000000000000000000000000000000000000000000000000000000000
0000000000000000000000000000000000000000000000000000000000000000
0000000000000000000000000000000000000000000000000000000000000000
0000000000000000000000000000000000000000000000000000000000000000
0000000000000000000000000000000000000000000000000000000000000000
0000000000000000000000000000000000000000000000000000000000000000
0000000000000000000000000000000000000000000000000000000000000000
0000000000000000000000000000000000000000000000000000000000000000
0000000000000000000000000000000000000000000000000000000000000000
0000000000000000000000000000000000000000000000000000000000000000
0000000000000000000000000000000000000000000000000000000000000000
0000000000000000000000000000000000000000000000000000000000000000
0000000000000000000000000000000000000000000000000000000000000000
0000000000000000000000000000000000000000000000000000000000000000
0000000000000000000000000000000000000000000000000000000000000000
0000000000000000000000000000000000000000000000000000000000000000
0000000000000000000000000000000000000000000000000000000000000000
0000000000000000000000000000000000000000000000000000000000000000
0000000000000000000000000000000000000000000000000000000000000000
0000000000000000000000000000000000000000000000000000000000000000
0000000000000000000000000000000000000000000000000000000000000000
0000000000000000000000000000000000000000000000000000000000000000
0000000000000000000000000000000000000000000000000000000000000000
0000000000000000000000000000000000000000000000000000000000000000
0000000000000000000000000000000000000000000000000000000000000000
0000000000000000000000000000000000000000000000000000000000000000
0000000000000000000000000000000000000000000000000000000000000000
0000000000000000000000000000000000000000000000000000000000000000
0000000000000000000000000000000000000000000000000000000000000000
0000000000000000000000000000000000000000000000000000000000000000
0000000000000000000000000000000000000000000000000000000000000000
0000000000000000000000000000000000000000000000000000000000000000
0000000000000000000000000000000000000000000000000000000000000000
0000000000000000000000000000000000000000000000000000000000000000
0000000000000000000000000000000000000000000000000000000000000000
0000000000000000000000000000000000000000000000000000000000000000
0000000000000000000000000000000000000000000000000000000000000000
0000000000000000000000000000000000000000000000000000000000000000
0000000000000000000000000000000000000000000000000000000000000000
0000000000000000000000000000000000000000000000000000000000000000
0000000000000000000000000000000000000000000000000000000000000000
0000000000000000000000000000000000000000000000000000000000000000
0000000000000000000000000000000000000000000000000000000000000000
0000000000000000000000000000000000000000000000000000000000000000
0000000000000000000000000000000000000000000000000000000000000000
0000000000000000000000000000000000000000000000000000000000000000
0000000000000000000000000000000000000000000000000000000000000000
0000000000000000000000000000000000000000000000000000000000000000
0000000000000000000000000000000000000000000000000000000000000000
0000000000000000000000000000000000000000000000000000000000000000
0000000000000000000000000000000000000000000000000000000000000000
0000000000000000000000000000000000000000000000000000000000000000
0000000000000000000000000000000000000000000000000000000000000000
0000000000000000000000000000000000000000000000000000000000000000
0000000000000000000000000000000000000000000000000000000000000000
0000000000000000000000000000000000000000000000000000000000000000
0000000000000000000000000000000000000000000000000000000000000000
0000000000000000000000000000000000000000000000000000000000000000
0000000000000000000000000000000000000000000000000000000000000000
0000000000000000000000000000000000000000000000000000000000000000
0000000000000000000000000000000000000000000000000000000000000000
0000000000000000000000000000000000000000000000000000000000000000
0000000000000000000000000000000000000000000000000000000000000000
0000000000000000000000000000000000000000000000000000000000000000
0000000000000000000000000000000000000000000000000000000000000000
0000000000000000000000000000000000000000000000000000000000000000
0000000000000000000000000000000000000000000000000000000000000000
0000000000000000000000000000000000000000000000000000000000000000
0000000000000000000000000000000000000000000000000000000000000000
0000000000000000000000000000000000000000000000000000000000000000
0000000000000000000000000000000000000000000000000000000000000000
0000000000000000000000000000000000000000000000000000000000000000
0000000000000000000000000000000000000000000000000000000000000000
0000000000000000000000000000000000000000000000000000000000000000
0000000000000000000000000000000000000000000000000000000000000000
0000000000000000000000000000000000000000000000000000000000000000
0000000000000000000000000000000000000000000000000000000000000000
0000000000000000000000000000000000000000000000000000000000000000
0000000000000000000000000000000000000000000000000000000000000000
0000000000000000000000000000000000000000000000000000000000000000
0000000000000000000000000000000000000000000000000000000000000000
0000000000000000000000000000000000000000000000000000000000000000
0000000000000000000000000000000000000000000000000000000000000000
0000000000000000000000000000000000000000000000000000000000000000
0000000000000000000000000000000000000000000000000000000000000000
0000000000000000000000000000000000000000000000000000000000000000
0000000000000000000000000000000000000000000000000000000000000000
0000000000000000000000000000000000000000000000000000000000000000
0000000000000000000000000000000000000000000000000000000000000000
0000000000000000000000000000000000000000000000000000000000000000
0000000000000000000000000000000000000000000000000000000000000000
0000000000000000000000000000000000000000000000000000000000000000
0000000000000000000000000000000000000000000000000000000000000000
0000000000000000000000000000000000000000000000000000000000000000
0000000000000000000000000000000000000000000000000000000000000000
0000000000000000000000000000000000000000000000000000000000000000
0000000000000000000000000000000000000000000000000000000000000000
0000000000000000000000000000000000000000000000000000000000000000
0000000000000000000000000000000000000000000000000000000000000000
0000000000000000000000000000000000000000000000000000000000000000
0000000000000000000000000000000000000000000000000000000000000000
0000000000000000000000000000000000000000000000000000000000000000
0000000000000000000000000000000000000000000000000000000000000000
0000000000000000000000000000000000000000000000000000000000000000
0000000000000000000000000000000000000000000000000000000000000000
0000000000000000000000000000000000000000000000000000000000000000
0000000000000000000000000000000000000000000000000000000000000000
0000000000000000000000000000000000000000000000000000000000000000
0000000000000000000000000000000000000000000000000000000000000000
0000000000000000000000000000000000000000000000000000000000000000
0000000000000000000000000000000000000000000000000000000000000000
0000000000000000000000000000000000000000000000000000000000000000
0000000000000000000000000000000000000000000000000000000000000000
0000000000000000000000000000000000000000000000000000000000000000
0000000000000000000000000000000000000000000000000000000000000000
0000000000000000000000000000000000000000000000000000000000000000
0000000000000000000000000000000000000000000000000000000000000000
0000000000000000000000000000000000000000000000000000000000000000
0000000000000000000000000000000000000000000000000000000000000000
0000000000000000000000000000000000000000000000000000000000000000
0000000000000000000000000000000000000000000000000000000000000000
0000000000000000000000000000000000000000000000000000000000000000
0000000000000000000000000000000000000000000000000000000000000000
0000000000000000000000000000000000000000000000000000000000000000
0000000000000000000000000000000000000000000000000000000000000000
0000000000000000000000000000000000000000000000000000000000000000
0000000000000000000000000000000000000000000000000000000000000000
0000000000000000000000000000000000000000000000000000000000000000
0000000000000000000000000000000000000000000000000000000000000000
0000000000000000000000000000000000000000000000000000000000000000
0000000000000000000000000000000000000000000000000000000000000000
0000000000000000000000000000000000000000000000000000000000000000
0000000000000000000000000000000000000000000000000000000000000000
0000000000000000000000000000000000000000000000000000000000000000
0000000000000000000000000000000000000000000000000000000000000000
0000000000000000000000000000000000000000000000000000000000000000
0000000000000000000000000000000000000000000000000000000000000000
0000000000000000000000000000000000000000000000000000000000000000
0000000000000000000000000000000000000000000000000000000000000000
0000000000000000000000000000000000000000000000000000000000000000
0000000000000000000000000000000000000000000000000000000000000000
0000000000000000000000000000000000000000000000000000000000000000
0000000000000000000000000000000000000000000000000000000000000000
0000000000000000000000000000000000000000000000000000000000000000
0000000000000000000000000000000000000000000000000000000000000000
0000000000000000000000000000000000000000000000000000000000000000
0000000000000000000000000000000000000000000000000000000000000000
0000000000000000000000000000000000000000000000000000000000000000
0000000000000000000000000000000000000000000000000000000000000000
0000000000000000000000000000000000000000000000000000000000000000
0000000000000000000000000000000000000000000000000000000000000000
0000000000000000000000000000000000000000000000000000000000000000
0000000000000000000000000000000000000000000000000000000000000000
0000000000000000000000000000000000000000000000000000000000000000
0000000000000000000000000000000000000000000000000000000000000000
0000000000000000000000000000000000000000000000000000000000000000
0000000000000000000000000000000000000000000000000000000000000000
0000000000000000000000000000000000000000000000000000000000000000
0000000000000000000000000000000000000000000000000000000000000000
0000000000000000000000000000000000000000000000000000000000000000
0000000000000000000000000000000000000000000000000000000000000000
0000000000000000000000000000000000000000000000000000000000000000
0000000000000000000000000000000000000000000000000000000000000000
0000000000000000000000000000000000000000000000000000000000000000
0000000000000000000000000000000000000000000000000000000000000000
0000000000000000000000000000000000000000000000000000000000000000
0000000000000000000000000000000000000000000000000000000000000000
0000000000000000000000000000000000000000000000000000000000000000
0000000000000000000000000000000000000000000000000000000000000000
0000000000000000000000000000000000000000000000000000000000000000
0000000000000000000000000000000000000000000000000000000000000000
0000000000000000000000000000000000000000000000000000000000000000
0000000000000000000000000000000000000000000000000000000000000000
0000000000000000000000000000000000000000000000000000000000000000
0000000000000000000000000000000000000000000000000000000000000000
0000000000000000000000000000000000000000000000000000000000000000
0000000000000000000000000000000000000000000000000000000000000000
0000000000000000000000000000000000000000000000000000000000000000
0000000000000000000000000000000000000000000000000000000000000000
0000000000000000000000000000000000000000000000000000000000000000
0000000000000000000000000000000000000000000000000000000000000000
0000000000000000000000000000000000000000000000000000000000000000
0000000000000000000000000000000000000000000000000000000000000000
0000000000000000000000000000000000000000000000000000000000000000
0000000000000000000000000000000000000000000000000000000000000000
0000000000000000000000000000000000000000000000000000000000000000
0000000000000000000000000000000000000000000000000000000000000000
0000000000000000000000000000000000000000000000000000000000000000
0000000000000000000000000000000000000000000000000000000000000000
0000000000000000000000000000000000000000000000000000000000000000
0000000000000000000000000000000000000000000000000000000000000000
0000000000000000000000000000000000000000000000000000000000000000
0000000000000000000000000000000000000000000000000000000000000000
0000000000000000000000000000000000000000000000000000000000000000
0000000000000000000000000000000000000000000000000000000000000000
0000000000000000000000000000000000000000000000000000000000000000
0000000000000000000000000000000000000000000000000000000000000000
0000000000000000000000000000000000000000000000000000000000000000
0000000000000000000000000000000000000000000000000000000000000000
0000000000000000000000000000000000000000000000000000000000000000
0000000000000000000000000000000000000000000000000000000000000000
0000000000000000000000000000000000000000000000000000000000000000
0000000000000000000000000000000000000000000000000000000000000000
0000000000000000000000000000000000000000000000000000000000000000
0000000000000000000000000000000000000000000000000000000000000000
0000000000000000000000000000000000000000000000000000000000000000
0000000000000000000000000000000000000000000000000000000000000000
0000000000000000000000000000000000000000000000000000000000000000
0000000000000000000000000000000000000000000000000000000000000000
0000000000000000000000000000000000000000000000000000000000000000
0000000000000000000000000000000000000000000000000000000000000000
0000000000000000000000000000000000000000000000000000000000000000
0000000000000000000000000000000000000000000000000000000000000000
0000000000000000000000000000000000000000000000000000000000000000
0000000000000000000000000000000000000000000000000000000000000000
0000000000000000000000000000000000000000000000000000000000000000
0000000000000000000000000000000000000000000000000000000000000000
0000000000000000000000000000000000000000000000000000000000000000
0000000000000000000000000000000000000000000000000000000000000000
0000000000000000000000000000000000000000000000000000000000000000
0000000000000000000000000000000000000000000000000000000000000000
0000000000000000000000000000000000000000000000000000000000000000
0000000000000000000000000000000000000000000000000000000000000000
0000000000000000000000000000000000000000000000000000000000000000
0000000000000000000000000000000000000000000000000000000000000000
0000000000000000000000000000000000000000000000000000000000000000
0000000000000000000000000000000000000000000000000000000000000000
0000000000000000000000000000000000000000000000000000000000000000
0000000000000000000000000000000000000000000000000000000000000000
0000000000000000000000000000000000000000000000000000000000000000
0000000000000000000000000000000000000000000000000000000000000000
0000000000000000000000000000000000000000000000000000000000000000
0000000000000000000000000000000000000000000000000000000000000000
0000000000000000000000000000000000000000000000000000000000000000
0000000000000000000000000000000000000000000000000000000000000000
0000000000000000000000000000000000000000000000000000000000000000
0000000000000000000000000000000000000000000000000000000000000000
0000000000000000000000000000000000000000000000000000000000000000
0000000000000000000000000000000000000000000000000000000000000000
0000000000000000000000000000000000000000000000000000000000000000
0000000000000000000000000000000000000000000000000000000000000000
0000000000000000000000000000000000000000000000000000000000000000
0000000000000000000000000000000000000000000000000000000000000000
0000000000000000000000000000000000000000000000000000000000000000
0000000000000000000000000000000000000000000000000000000000000000
0000000000000000000000000000000000000000000000000000000000000000
0000000000000000000000000000000000000000000000000000000000000000
0000000000000000000000000000000000000000000000000000000000000000
0000000000000000000000000000000000000000000000000000000000000000
0000000000000000000000000000000000000000000000000000000000000000
0000000000000000000000000000000000000000000000000000000000000000
0000000000000000000000000000000000000000000000000000000000000000
0000000000000000000000000000000000000000000000000000000000000000
0000000000000000000000000000000000000000000000000000000000000000
0000000000000000000000000000000000000000000000000000000000000000
0000000000000000000000000000000000000000000000000000000000000000
0000000000000000000000000000000000000000000000000000000000000000
0000000000000000000000000000000000000000000000000000000000000000
0000000000000000000000000000000000000000000000000000000000000000
0000000000000000000000000000000000000000000000000000000000000000
0000000000000000000000000000000000000000000000000000000000000000
0000000000000000000000000000000000000000000000000000000000000000
0000000000000000000000000000000000000000000000000000000000000000
0000000000000000000000000000000000000000000000000000000000000000
0000000000000000000000000000000000000000000000000000000000000000
0000000000000000000000000000000000000000000000000000000000000000
0000000000000000000000000000000000000000000000000000000000000000
0000000000000000000000000000000000000000000000000000000000000000
0000000000000000000000000000000000000000000000000000000000000000
0000000000000000000000000000000000000000000000000000000000000000
0000000000000000000000000000000000000000000000000000000000000000
0000000000000000000000000000000000000000000000000000000000000000
0000000000000000000000000000000000000000000000000000000000000000
0000000000000000000000000000000000000000000000000000000000000000
0000000000000000000000000000000000000000000000000000000000000000
0000000000000000000000000000000000000000000000000000000000000000
0000000000000000000000000000000000000000000000000000000000000000
0000000000000000000000000000000000000000000000000000000000000000
0000000000000000000000000000000000000000000000000000000000000000
0000000000000000000000000000000000000000000000000000000000000000
0000000000000000000000000000000000000000000000000000000000000000
0000000000000000000000000000000000000000000000000000000000000000
0000000000000000000000000000000000000000000000000000000000000000
0000000000000000000000000000000000000000000000000000000000000000
0000000000000000000000000000000000000000000000000000000000000000
0000000000000000000000000000000000000000000000000000000000000000
0000000000000000000000000000000000000000000000000000000000000000
0000000000000000000000000000000000000000000000000000000000000000
0000000000000000000000000000000000000000000000000000000000000000
0000000000000000000000000000000000000000000000000000000000000000
0000000000000000000000000000000000000000000000000000000000000000
0000000000000000000000000000000000000000000000000000000000000000
0000000000000000000000000000000000000000000000000000000000000000
0000000000000000000000000000000000000000000000000000000000000000
0000000000000000000000000000000000000000000000000000000000000000
0000000000000000000000000000000000000000000000000000000000000000
0000000000000000000000000000000000000000000000000000000000000000
0000000000000000000000000000000000000000000000000000000000000000
0000000000000000000000000000000000000000000000000000000000000000
0000000000000000000000000000000000000000000000000000000000000000
0000000000000000000000000000000000000000000000000000000000000000
0000000000000000000000000000000000000000000000000000000000000000
0000000000000000000000000000000000000000000000000000000000000000
0000000000000000000000000000000000000000000000000000000000000000
0000000000000000000000000000000000000000000000000000000000000000
0000000000000000000000000000000000000000000000000000000000000000
0000000000000000000000000000000000000000000000000000000000000000
0000000000000000000000000000000000000000000000000000000000000000
0000000000000000000000000000000000000000000000000000000000000000
0000000000000000000000000000000000000000000000000000000000000000
0000000000000000000000000000000000000000000000000000000000000000
0000000000000000000000000000000000000000000000000000000000000000
0000000000000000000000000000000000000000000000000000000000000000
0000000000000000000000000000000000000000000000000000000000000000
0000000000000000000000000000000000000000000000000000000000000000
0000000000000000000000000000000000000000000000000000000000000000
0000000000000000000000000000000000000000000000000000000000000000
0000000000000000000000000000000000000000000000000000000000000000
0000000000000000000000000000000000000000000000000000000000000000
0000000000000000000000000000000000000000000000000000000000000000
0000000000000000000000000000000000000000000000000000000000000000
0000000000000000000000000000000000000000000000000000000000000000
